literal	predicate_id	object_id	mapping_justification	mapping_provider	author_label	mapping_date
Cholestasis, progressive familial intrahepatic, 4	http://www.w3.org/2000/01/rdf-schema#label	http://www.orpha.net/ORDO/Orphanet_172	https://w3id.org/semapv/vocab/ManualMappingCuration	https://www.ebi.ac.uk/uniprot	Barbara Polka	2015-08-28T12:00:00
Microcephaly 12, primary, autosomal recessive	http://www.w3.org/2000/01/rdf-schema#label	http://www.orpha.net/ORDO/Orphanet_2512	https://w3id.org/semapv/vocab/ManualMappingCuration	https://www.ebi.ac.uk/uniprot	Barbara Polka	2015-08-21T12:00:00
Charcot-Marie-Tooth disease 2S	http://www.w3.org/2000/01/rdf-schema#label	http://www.orpha.net/ORDO/Orphanet_166	https://w3id.org/semapv/vocab/ManualMappingCuration	https://www.ebi.ac.uk/uniprot	Barbara Polka	2015-08-21T12:00:00
Myasthenic syndrome, congenital, 3B, fast-channel	http://www.w3.org/2000/01/rdf-schema#label	http://www.orpha.net/ORDO/Orphanet_590	https://w3id.org/semapv/vocab/ManualMappingCuration	https://www.ebi.ac.uk/uniprot	Barbara Polka	2015-08-21T12:00:00
*Pontocerebellar hypoplasia 3	http://www.w3.org/2000/01/rdf-schema#label	http://www.orpha.net/ORDO/Orphanet_97249	https://w3id.org/semapv/vocab/ManualMappingCuration	https://www.ebi.ac.uk/uniprot	Barbara Polka	2015-11-17T12:00:00
Immunodeficiency 36	http://www.w3.org/2000/01/rdf-schema#label	http://www.orpha.net/ORDO/Orphanet_397596	https://w3id.org/semapv/vocab/ManualMappingCuration	https://www.ebi.ac.uk/uniprot	Barbara Polka	2015-08-28T12:00:00
Limb-girdle muscular dystrophy 1G	http://www.w3.org/2000/01/rdf-schema#label	http://www.orpha.net/ORDO/Orphanet_55596	https://w3id.org/semapv/vocab/ManualMappingCuration	https://www.ebi.ac.uk/uniprot	Barbara Polka	2015-08-28T12:00:00
*Thyroid cancer, non-medullary, 2	http://www.w3.org/2000/01/rdf-schema#label	http://www.ebi.ac.uk/efo/EFO_0000501	https://w3id.org/semapv/vocab/ManualMappingCuration	https://www.ebi.ac.uk/uniprot	Barbara Polka	2015-11-24T12:00:00
Lipodystrophy, familial partial, 6	http://www.w3.org/2000/01/rdf-schema#label	http://www.orpha.net/ORDO/Orphanet_98306	https://w3id.org/semapv/vocab/ManualMappingCuration	https://www.ebi.ac.uk/uniprot	Barbara Polka	2015-08-28T12:00:00
Megalencephaly-polymicrogyria-polydactyly-hydrocephalus syndrome 2	http://www.w3.org/2000/01/rdf-schema#label	http://www.orpha.net/ORDO/Orphanet_83473	https://w3id.org/semapv/vocab/ManualMappingCuration	https://www.ebi.ac.uk/uniprot	Barbara Polka	2015-08-28T12:00:00
Cataract 43	http://www.w3.org/2000/01/rdf-schema#label	http://www.ebi.ac.uk/efo/EFO_0001059	https://w3id.org/semapv/vocab/ManualMappingCuration	https://www.ebi.ac.uk/uniprot	Barbara Polka	2015-08-21T12:00:00
Macular dystrophy, vitelliform, 5	http://www.w3.org/2000/01/rdf-schema#label	http://www.orpha.net/ORDO/Orphanet_99000	https://w3id.org/semapv/vocab/ManualMappingCuration	https://www.ebi.ac.uk/uniprot	Barbara Polka	2015-08-21T12:00:00
2-aminoadipic 2-oxoadipic aciduria	http://www.w3.org/2000/01/rdf-schema#label	http://www.orpha.net/ORDO/Orphanet_79154	https://w3id.org/semapv/vocab/ManualMappingCuration	https://www.ebi.ac.uk/uniprot	Barbara Polka	2015-08-28T12:00:00
Mitochondrial myopathy with lactic acidosis	http://www.w3.org/2000/01/rdf-schema#label	http://www.orpha.net/ORDO/Orphanet_2597	https://w3id.org/semapv/vocab/ManualMappingCuration	https://www.ebi.ac.uk/uniprot	Barbara Polka	2015-08-21T12:00:00
Alpha-fetoprotein deficiency	http://www.w3.org/2000/01/rdf-schema#label	http://www.orpha.net/ORDO/Orphanet_168612	https://w3id.org/semapv/vocab/ManualMappingCuration	https://www.ebi.ac.uk/uniprot	Barbara Polka	2015-08-28T12:00:00
Autoimmune interstitial lung, joint, and kidney disease	http://www.w3.org/2000/01/rdf-schema#label	http://www.ebi.ac.uk/efo/EFO_0004244	https://w3id.org/semapv/vocab/ManualMappingCuration	https://www.ebi.ac.uk/uniprot	Barbara Polka	2015-11-17T12:00:00
Laurence-Moon syndrome	http://www.w3.org/2000/01/rdf-schema#label	http://www.orpha.net/ORDO/Orphanet_2377	https://w3id.org/semapv/vocab/ManualMappingCuration	https://www.ebi.ac.uk/uniprot	Barbara Polka	2015-08-21T12:00:00
Growth hormone deficiency, isolated partial	http://www.w3.org/2000/01/rdf-schema#label	http://www.orpha.net/ORDO/Orphanet_314811	https://w3id.org/semapv/vocab/ManualMappingCuration	https://www.ebi.ac.uk/uniprot	Barbara Polka	2015-08-21T12:00:00
Robinow syndrome, autosomal dominant 2	http://www.w3.org/2000/01/rdf-schema#label	http://www.orpha.net/ORDO/Orphanet_3107�	https://w3id.org/semapv/vocab/ManualMappingCuration	https://www.ebi.ac.uk/uniprot	Barbara Polka	2015-08-21T12:00:00
Mental retardation, autosomal dominant 37	http://www.w3.org/2000/01/rdf-schema#label	http://purl.obolibrary.org/obo/HP_0001249	https://w3id.org/semapv/vocab/ManualMappingCuration	https://www.ebi.ac.uk/uniprot	Barbara Polka	2015-08-21T12:00:00
Sideroblastic anemia with B-cell immunodeficiency, periodic fevers, and developmental delay	http://www.w3.org/2000/01/rdf-schema#label	http://www.orpha.net/ORDO/Orphanet_369861	https://w3id.org/semapv/vocab/ManualMappingCuration	https://www.ebi.ac.uk/uniprot	Barbara Polka	2015-08-21T12:00:00
*Beukes familial hip dysplasia	http://www.w3.org/2000/01/rdf-schema#label	http://www.orpha.net/ORDO/Orphanet_2114	https://w3id.org/semapv/vocab/ManualMappingCuration	https://www.ebi.ac.uk/uniprot	Barbara Polka	2015-11-24T12:00:00
Retinitis pigmentosa 72	http://www.w3.org/2000/01/rdf-schema#label	http://www.orpha.net/ORDO/Orphanet_791	https://w3id.org/semapv/vocab/ManualMappingCuration	https://www.ebi.ac.uk/uniprot	Barbara Polka	2015-11-17T12:00:00
Dysfibrinogenemia, congenital	http://www.w3.org/2000/01/rdf-schema#label	http://www.orpha.net/ORDO/Orphanet_98881	https://w3id.org/semapv/vocab/ManualMappingCuration	https://www.ebi.ac.uk/uniprot	Barbara Polka	2015-08-28T12:00:00
Stormorken syndrome	http://www.w3.org/2000/01/rdf-schema#label	http://www.orpha.net/ORDO/Orphanet_3204	https://w3id.org/semapv/vocab/ManualMappingCuration	https://www.ebi.ac.uk/uniprot	Barbara Polka	2015-08-28T12:00:00
Helsmoortel-van der Aa syndrome	http://www.w3.org/2000/01/rdf-schema#label	http://www.orpha.net/ORDO/Orphanet_404448	https://w3id.org/semapv/vocab/ManualMappingCuration	https://www.ebi.ac.uk/uniprot	Barbara Polka	2015-08-28T12:00:00
Myasthenic syndrome, congenital, 9, associated with acetylcholine receptor deficiency	http://www.w3.org/2000/01/rdf-schema#label	http://www.orpha.net/ORDO/Orphanet_590	https://w3id.org/semapv/vocab/ManualMappingCuration	https://www.ebi.ac.uk/uniprot	Barbara Polka	2015-08-21T12:00:00
Vesicoureteral reflux 8	http://www.w3.org/2000/01/rdf-schema#label	http://www.orpha.net/ORDO/Orphanet_289365	https://w3id.org/semapv/vocab/ManualMappingCuration	https://www.ebi.ac.uk/uniprot	Barbara Polka	2015-08-28T12:00:00
Nemaline myopathy 9	http://www.w3.org/2000/01/rdf-schema#label	http://www.orpha.net/ORDO/Orphanet_607	https://w3id.org/semapv/vocab/ManualMappingCuration	https://www.ebi.ac.uk/uniprot	Barbara Polka	2015-08-28T12:00:00
Polymicrogyria, bilateral temporooccipital	http://www.w3.org/2000/01/rdf-schema#label	http://www.orpha.net/ORDO/Orphanet_268940	https://w3id.org/semapv/vocab/ManualMappingCuration	https://www.ebi.ac.uk/uniprot	Barbara Polka	2015-08-28T12:00:00
Temple-Baraitser syndrome	http://www.w3.org/2000/01/rdf-schema#label	http://www.ebi.ac.uk/efo/EFO_0003847	https://w3id.org/semapv/vocab/ManualMappingCuration	https://www.ebi.ac.uk/uniprot	Barbara Polka	2015-08-21T12:00:00
Filippi syndrome	http://www.w3.org/2000/01/rdf-schema#label	http://www.orpha.net/ORDO/Orphanet_3255	https://w3id.org/semapv/vocab/ManualMappingCuration	https://www.ebi.ac.uk/uniprot	Barbara Polka	2015-08-21T12:00:00
Achromatopsia 7	http://www.w3.org/2000/01/rdf-schema#label	http://www.orpha.net/ORDO/Orphanet_49382	https://w3id.org/semapv/vocab/ManualMappingCuration	https://www.ebi.ac.uk/uniprot	Barbara Polka	2015-11-17T12:00:00
Nanophthalmos 4	http://www.w3.org/2000/01/rdf-schema#label	http://www.ebi.ac.uk/efo/EFO_0005569	https://w3id.org/semapv/vocab/ManualMappingCuration	https://www.ebi.ac.uk/uniprot	Barbara Polka	2015-08-28T12:00:00
Neuropathy, hereditary motor and sensory, 6B	http://www.w3.org/2000/01/rdf-schema#label	http://www.orpha.net/ORDO/Orphanet_90120	https://w3id.org/semapv/vocab/ManualMappingCuration	https://www.ebi.ac.uk/uniprot	Barbara Polka	2015-11-24T12:00:00
Myopia 24, autosomal dominant	http://www.w3.org/2000/01/rdf-schema#label	http://purl.obolibrary.org/obo/HP_0000545	https://w3id.org/semapv/vocab/ManualMappingCuration	https://www.ebi.ac.uk/uniprot	Barbara Polka	2015-08-28T12:00:00
Singleton-Merten syndrome 2	http://www.w3.org/2000/01/rdf-schema#label	http://www.orpha.net/ORDO/Orphanet_85191	https://w3id.org/semapv/vocab/ManualMappingCuration	https://www.ebi.ac.uk/uniprot	Barbara Polka	2015-08-21T12:00:00
Hyperphosphatasia with mental retardation syndrome 5	http://www.w3.org/2000/01/rdf-schema#label	http://www.orpha.net/ORDO/Orphanet_247262	https://w3id.org/semapv/vocab/ManualMappingCuration	https://www.ebi.ac.uk/uniprot	Barbara Polka	2015-08-28T12:00:00
Bardet-Biedl syndrome 18	http://www.w3.org/2000/01/rdf-schema#label	http://www.orpha.net/ORDO/Orphanet_110	https://w3id.org/semapv/vocab/ManualMappingCuration	https://www.ebi.ac.uk/uniprot	Barbara Polka	2015-08-28T12:00:00
Metaphyseal dysplasia, Spahr type	http://www.w3.org/2000/01/rdf-schema#label	http://www.orpha.net/ORDO/Orphanet_2501	https://w3id.org/semapv/vocab/ManualMappingCuration	https://www.ebi.ac.uk/uniprot	Barbara Polka	2015-08-21T12:00:00
Moyamoya disease 6 with achalasia	http://www.w3.org/2000/01/rdf-schema#label	http://www.orpha.net/ORDO/Orphanet_401945	https://w3id.org/semapv/vocab/ManualMappingCuration	https://www.ebi.ac.uk/uniprot	Barbara Polka	2015-08-28T12:00:00
Ichthyosis, congenital, autosomal recessive 11	http://www.w3.org/2000/01/rdf-schema#label	http://www.orpha.net/ORDO/Orphanet_91132	https://w3id.org/semapv/vocab/ManualMappingCuration	https://www.ebi.ac.uk/uniprot	Barbara Polka	2015-08-28T12:00:00
MEND syndrome	http://www.w3.org/2000/01/rdf-schema#label	http://www.orpha.net/ORDO/Orphanet_401973	https://w3id.org/semapv/vocab/ManualMappingCuration	https://www.ebi.ac.uk/uniprot	Barbara Polka	2015-11-24T12:00:00
Hypotrichosis 12	http://www.w3.org/2000/01/rdf-schema#label	http://www.orpha.net/ORDO/Orphanet_55654	https://w3id.org/semapv/vocab/ManualMappingCuration	https://www.ebi.ac.uk/uniprot	Barbara Polka	2015-08-28T12:00:00
Epileptic encephalopathy, early infantile, 23	http://www.w3.org/2000/01/rdf-schema#label	http://www.orpha.net/ORDO/Orphanet_1934	https://w3id.org/semapv/vocab/ManualMappingCuration	https://www.ebi.ac.uk/uniprot	Barbara Polka	2015-08-28T12:00:00
Kaufman oculocerebrofacial syndrome	http://www.w3.org/2000/01/rdf-schema#label	http://www.orpha.net/ORDO/Orphanet_2707	https://w3id.org/semapv/vocab/ManualMappingCuration	https://www.ebi.ac.uk/uniprot	Barbara Polka	2015-08-21T12:00:00
Olmsted syndrome, X-linked	http://www.w3.org/2000/01/rdf-schema#label	http://www.orpha.net/ORDO/Orphanet_659	https://w3id.org/semapv/vocab/ManualMappingCuration	https://www.ebi.ac.uk/uniprot	Barbara Polka	2015-08-28T12:00:00
Oliver-McFarlane syndrome	http://www.w3.org/2000/01/rdf-schema#label	http://www.orpha.net/ORDO/Orphanet_3363	https://w3id.org/semapv/vocab/ManualMappingCuration	https://www.ebi.ac.uk/uniprot	Barbara Polka	2015-08-21T12:00:00
Hydroxykynureninuria	http://www.w3.org/2000/01/rdf-schema#label	http://www.orpha.net/ORDO/Orphanet_79155	https://w3id.org/semapv/vocab/ManualMappingCuration	https://www.ebi.ac.uk/uniprot	Barbara Polka	2015-08-21T12:00:00
Mitochondrial complex III deficiency, nuclear 9	http://www.w3.org/2000/01/rdf-schema#label	http://www.orpha.net/ORDO/Orphanet_1460	https://w3id.org/semapv/vocab/ManualMappingCuration	https://www.ebi.ac.uk/uniprot	Barbara Polka	2015-08-21T12:00:00
Short-rib thoracic dysplasia 14 with polydactyly	http://www.w3.org/2000/01/rdf-schema#label	http://www.orpha.net/ORDO/Orphanet_93426	https://w3id.org/semapv/vocab/ManualMappingCuration	https://www.ebi.ac.uk/uniprot	Barbara Polka	2015-11-24T12:00:00
Pulmonary fibrosis, and/or bone marrow failure, telomere-related, 4	http://www.w3.org/2000/01/rdf-schema#label	http://www.ebi.ac.uk/efo/EFO_0000768	https://w3id.org/semapv/vocab/ManualMappingCuration	https://www.ebi.ac.uk/uniprot	Barbara Polka	2015-08-21T12:00:00
Immunodeficiency, common variable, 12	http://www.w3.org/2000/01/rdf-schema#label	http://www.orpha.net/ORDO/Orphanet_1572	https://w3id.org/semapv/vocab/ManualMappingCuration	https://www.ebi.ac.uk/uniprot	Barbara Polka	2015-11-24T12:00:00
Epilepsy, progressive myoclonic 7	http://www.w3.org/2000/01/rdf-schema#label	http://www.orpha.net/ORDO/Orphanet_98261	https://w3id.org/semapv/vocab/ManualMappingCuration	https://www.ebi.ac.uk/uniprot	Barbara Polka	2015-08-21T12:00:00
Heimler syndrome 2	http://www.w3.org/2000/01/rdf-schema#label	http://www.orpha.net/ORDO/Orphanet_3220	https://w3id.org/semapv/vocab/ManualMappingCuration	https://www.ebi.ac.uk/uniprot	Barbara Polka	2015-11-24T12:00:00
Congenital heart defects, multiple types, 4	http://www.w3.org/2000/01/rdf-schema#label	http://www.ebi.ac.uk/efo/EFO_0005207	https://w3id.org/semapv/vocab/ManualMappingCuration	https://www.ebi.ac.uk/uniprot	Barbara Polka	2015-08-28T12:00:00
Diabetes mellitus, non-insulin-dependent, 5	http://www.w3.org/2000/01/rdf-schema#label	http://purl.obolibrary.org/obo/MONDO_0005148	https://w3id.org/semapv/vocab/ManualMappingCuration	https://www.ebi.ac.uk/uniprot	Barbara Polka	2015-08-21T12:00:00
Aortic aneurysm, familial thoracic 9	http://www.w3.org/2000/01/rdf-schema#label	http://www.orpha.net/ORDO/Orphanet_91387	https://w3id.org/semapv/vocab/ManualMappingCuration	https://www.ebi.ac.uk/uniprot	Barbara Polka	2015-08-21T12:00:00
Familial cold autoinflammatory syndrome 4	http://www.w3.org/2000/01/rdf-schema#label	http://www.orpha.net/ORDO/Orphanet_47045	https://w3id.org/semapv/vocab/ManualMappingCuration	https://www.ebi.ac.uk/uniprot	Barbara Polka	2015-08-21T12:00:00
Melanoma, cutaneous malignant 10	http://www.w3.org/2000/01/rdf-schema#label	http://www.ebi.ac.uk/efo/EFO_0000389	https://w3id.org/semapv/vocab/ManualMappingCuration	https://www.ebi.ac.uk/uniprot	Barbara Polka	2015-08-28T12:00:00
Catel-Manzke syndrome	http://www.w3.org/2000/01/rdf-schema#label	http://www.orpha.net/ORDO/Orphanet_1388	https://w3id.org/semapv/vocab/ManualMappingCuration	https://www.ebi.ac.uk/uniprot	Barbara Polka	2015-08-21T12:00:00
Ciliary dyskinesia, primary, 30	http://www.w3.org/2000/01/rdf-schema#label	http://www.orpha.net/ORDO/Orphanet_244	https://w3id.org/semapv/vocab/ManualMappingCuration	https://www.ebi.ac.uk/uniprot	Barbara Polka	2015-08-28T12:00:00
Mental retardation, autosomal recessive 48	http://www.w3.org/2000/01/rdf-schema#label	http://www.orpha.net/ORDO/Orphanet_88616	https://w3id.org/semapv/vocab/ManualMappingCuration	https://www.ebi.ac.uk/uniprot	Barbara Polka	2015-08-21T12:00:00
Generalized epilepsy with febrile seizures plus 9	http://www.w3.org/2000/01/rdf-schema#label	http://www.orpha.net/ORDO/Orphanet_36387	https://w3id.org/semapv/vocab/ManualMappingCuration	https://www.ebi.ac.uk/uniprot	Barbara Polka	2015-08-21T12:00:00
Muscular dystrophy-dystroglycanopathy congenital with brain and eye anomalies A9	http://www.w3.org/2000/01/rdf-schema#label	http://www.orpha.net/ORDO/Orphanet_899	https://w3id.org/semapv/vocab/ManualMappingCuration	https://www.ebi.ac.uk/uniprot	Barbara Polka	2015-11-24T12:00:00
Dyskeratosis congenita, autosomal recessive, 7	http://www.w3.org/2000/01/rdf-schema#label	http://www.orpha.net/ORDO/Orphanet_1775	https://w3id.org/semapv/vocab/ManualMappingCuration	https://www.ebi.ac.uk/uniprot	Barbara Polka	2015-11-24T12:00:00
Amyotrophic lateral sclerosis 22, with or without frontotemporal dementia	http://www.w3.org/2000/01/rdf-schema#label	http://www.ebi.ac.uk/efo/EFO_0000253	https://w3id.org/semapv/vocab/ManualMappingCuration	https://www.ebi.ac.uk/uniprot	Barbara Polka	2015-08-21T12:00:00
Monocarboxylate transporter 1 deficiency	http://www.w3.org/2000/01/rdf-schema#label	http://www.orpha.net/ORDO/Orphanet_165991	https://w3id.org/semapv/vocab/ManualMappingCuration	https://www.ebi.ac.uk/uniprot	Barbara Polka	2015-08-21T12:00:00
*Palmoplantar keratoderma and congenital alopecia 1	http://www.w3.org/2000/01/rdf-schema#label	http://www.orpha.net/ORDO/Orphanet_1010	https://w3id.org/semapv/vocab/ManualMappingCuration	https://www.ebi.ac.uk/uniprot	Barbara Polka	2015-11-24T12:00:00
Dyskeratosis congenita, autosomal recessive, 6	http://www.w3.org/2000/01/rdf-schema#label	http://www.orpha.net/ORDO/Orphanet_1775	https://w3id.org/semapv/vocab/ManualMappingCuration	https://www.ebi.ac.uk/uniprot	Barbara Polka	2015-08-21T12:00:00
Oocyte maturation defect	http://www.w3.org/2000/01/rdf-schema#label	http://www.orpha.net/ORDO/Orphanet_404466	https://w3id.org/semapv/vocab/ManualMappingCuration	https://www.ebi.ac.uk/uniprot	Barbara Polka	2015-08-28T12:00:00
Amyotrophic lateral sclerosis 22, with or without frontotemporal dementia	http://www.w3.org/2000/01/rdf-schema#label	http://purl.obolibrary.org/obo/MONDO_0004976	https://w3id.org/semapv/vocab/ManualMappingCuration	https://www.ebi.ac.uk/uniprot	Barbara Polka	2015-08-21T12:00:00
Focal segmental glomerulosclerosis 8	http://www.w3.org/2000/01/rdf-schema#label	http://www.ebi.ac.uk/efo/EFO_0004236	https://w3id.org/semapv/vocab/ManualMappingCuration	https://www.ebi.ac.uk/uniprot	Barbara Polka	2015-08-28T12:00:00
Microphthalmia, syndromic, 14	http://www.w3.org/2000/01/rdf-schema#label	http://www.orpha.net/ORDO/Orphanet_202948	https://w3id.org/semapv/vocab/ManualMappingCuration	https://www.ebi.ac.uk/uniprot	Barbara Polka	2015-08-28T12:00:00
Cataract 43	http://www.w3.org/2000/01/rdf-schema#label	http://purl.obolibrary.org/obo/MONDO_0005129	https://w3id.org/semapv/vocab/ManualMappingCuration	https://www.ebi.ac.uk/uniprot	Barbara Polka	2015-08-21T12:00:00
Nemaline myopathy 10	http://www.w3.org/2000/01/rdf-schema#label	http://www.orpha.net/ORDO/Orphanet_607	https://w3id.org/semapv/vocab/ManualMappingCuration	https://www.ebi.ac.uk/uniprot	Barbara Polka	2015-08-21T12:00:00
Atrial fibrillation, familial, 17	http://www.w3.org/2000/01/rdf-schema#label	http://www.ebi.ac.uk/efo/EFO_0000275	https://w3id.org/semapv/vocab/ManualMappingCuration	https://www.ebi.ac.uk/uniprot	Barbara Polka	2015-08-28T12:00:00
Mandibulofacial dysostosis with alopecia	http://www.w3.org/2000/01/rdf-schema#label	http://www.orpha.net/ORDO/Orphanet_155899	https://w3id.org/semapv/vocab/ManualMappingCuration	https://www.ebi.ac.uk/uniprot	Barbara Polka	2015-08-21T12:00:00
Pontocerebellar hypoplasia 9	http://www.w3.org/2000/01/rdf-schema#label	http://www.orpha.net/ORDO/Orphanet_369920	https://w3id.org/semapv/vocab/ManualMappingCuration	https://www.ebi.ac.uk/uniprot	Barbara Polka	2015-08-28T12:00:00
Immunodeficiency 28	http://www.w3.org/2000/01/rdf-schema#label	http://www.orpha.net/ORDO/Orphanet_319547	https://w3id.org/semapv/vocab/ManualMappingCuration	https://www.ebi.ac.uk/uniprot	Barbara Polka	2015-08-28T12:00:00
Deafness, autosomal recessive, 104	http://www.w3.org/2000/01/rdf-schema#label	http://www.orpha.net/ORDO/Orphanet_90636	https://w3id.org/semapv/vocab/ManualMappingCuration	https://www.ebi.ac.uk/uniprot	Barbara Polka	2015-11-17T12:00:00
Combined oxidative phosphorylation deficiency 26	http://www.w3.org/2000/01/rdf-schema#label	http://www.orpha.net/ORDO/Orphanet_223713	https://w3id.org/semapv/vocab/ManualMappingCuration	https://www.ebi.ac.uk/uniprot	Barbara Polka	2015-11-24T12:00:00
Polymicrogyria, perisylvian, with cerebellar hypoplasia and arthrogryposis	http://www.w3.org/2000/01/rdf-schema#label	http://www.orpha.net/ORDO/Orphanet_98889	https://w3id.org/semapv/vocab/ManualMappingCuration	https://www.ebi.ac.uk/uniprot	Barbara Polka	2015-11-24T12:00:00
Achondroplasia, severe, with developmental delay and acanthosis nigricans	http://www.w3.org/2000/01/rdf-schema#label	http://www.orpha.net/ORDO/Orphanet_85165	https://w3id.org/semapv/vocab/ManualMappingCuration	https://www.ebi.ac.uk/uniprot	Barbara Polka	2015-11-17T12:00:00
Cardiomyopathy, dilated 1NN	http://www.w3.org/2000/01/rdf-schema#label	http://www.ebi.ac.uk/efo/EFO_0000407	https://w3id.org/semapv/vocab/ManualMappingCuration	https://www.ebi.ac.uk/uniprot	Barbara Polka	2015-08-28T12:00:00
Trichothiodystrophy 2, photosensitive	http://www.w3.org/2000/01/rdf-schema#label	http://www.orpha.net/ORDO/Orphanet_33364	https://w3id.org/semapv/vocab/ManualMappingCuration	https://www.ebi.ac.uk/uniprot	Barbara Polka	2015-08-21T12:00:00
Cataract 42	http://www.w3.org/2000/01/rdf-schema#label	http://www.ebi.ac.uk/efo/EFO_0001059	https://w3id.org/semapv/vocab/ManualMappingCuration	https://www.ebi.ac.uk/uniprot	Barbara Polka	2015-08-28T12:00:00
Progressive external ophthalmoplegia with mitochondrial DNA deletions, autosomal recessive 2	http://www.w3.org/2000/01/rdf-schema#label	http://www.orpha.net/ORDO/Orphanet_329336	https://w3id.org/semapv/vocab/ManualMappingCuration	https://www.ebi.ac.uk/uniprot	Barbara Polka	2015-11-17T12:00:00
Cardiac conduction disease with or without dilated cardiomyopathy	http://www.w3.org/2000/01/rdf-schema#label	http://www.ebi.ac.uk/efo/EFO_0005304	https://w3id.org/semapv/vocab/ManualMappingCuration	https://www.ebi.ac.uk/uniprot	Barbara Polka	2015-08-21T12:00:00
Cardiomyopathy, familial hypertrophic 24	http://www.w3.org/2000/01/rdf-schema#label	http://www.ebi.ac.uk/efo/EFO_0000538	https://w3id.org/semapv/vocab/ManualMappingCuration	https://www.ebi.ac.uk/uniprot	Barbara Polka	2015-08-21T12:00:00
Mental retardation, autosomal dominant 29	http://www.w3.org/2000/01/rdf-schema#label	http://purl.obolibrary.org/obo/HP_0001249	https://w3id.org/semapv/vocab/ManualMappingCuration	https://www.ebi.ac.uk/uniprot	Barbara Polka	2015-08-21T12:00:00
Myasthenic syndrome, congenital, 18	http://www.w3.org/2000/01/rdf-schema#label	http://www.orpha.net/ORDO/Orphanet_590	https://w3id.org/semapv/vocab/ManualMappingCuration	https://www.ebi.ac.uk/uniprot	Barbara Polka	2015-08-21T12:00:00
Immunodeficiency 31A	http://www.w3.org/2000/01/rdf-schema#label	http://www.orpha.net/ORDO/Orphanet_319595	https://w3id.org/semapv/vocab/ManualMappingCuration	https://www.ebi.ac.uk/uniprot	Barbara Polka	2015-08-28T12:00:00
Tatton-Brown-Rahman syndrome	http://www.w3.org/2000/01/rdf-schema#label	http://www.orpha.net/ORDO/Orphanet_404443	https://w3id.org/semapv/vocab/ManualMappingCuration	https://www.ebi.ac.uk/uniprot	Barbara Polka	2015-08-28T12:00:00
Mental retardation, autosomal dominant 33	http://www.w3.org/2000/01/rdf-schema#label	http://www.orpha.net/ORDO/Orphanet_2514�	https://w3id.org/semapv/vocab/ManualMappingCuration	https://www.ebi.ac.uk/uniprot	Barbara Polka	2015-08-21T12:00:00
Immunodeficiency 26 with or without neurologic abnormalities	http://www.w3.org/2000/01/rdf-schema#label	http://www.orpha.net/ORDO/Orphanet_317425	https://w3id.org/semapv/vocab/ManualMappingCuration	https://www.ebi.ac.uk/uniprot	Barbara Polka	2015-08-28T12:00:00
*Nevus spilus	http://www.w3.org/2000/01/rdf-schema#label	http://www.orpha.net/ORDO/Orphanet_626	https://w3id.org/semapv/vocab/ManualMappingCuration	https://www.ebi.ac.uk/uniprot	Barbara Polka	2015-11-17T12:00:00
Frontotemporal dementia and/or amyotrophic lateral sclerosis 2	http://www.w3.org/2000/01/rdf-schema#label	http://www.orpha.net/ORDO/Orphanet_275872	https://w3id.org/semapv/vocab/ManualMappingCuration	https://www.ebi.ac.uk/uniprot	Barbara Polka	2015-08-28T12:00:00
Polyglucosan body myopathy 1 with or without immunodeficiency	http://www.w3.org/2000/01/rdf-schema#label	http://www.orpha.net/ORDO/Orphanet_397937	https://w3id.org/semapv/vocab/ManualMappingCuration	https://www.ebi.ac.uk/uniprot	Barbara Polka	2015-08-28T12:00:00
Spondylometaphyseal dysplasia, Sedaghatian type	http://www.w3.org/2000/01/rdf-schema#label	http://www.orpha.net/ORDO/Orphanet_93317	https://w3id.org/semapv/vocab/ManualMappingCuration	https://www.ebi.ac.uk/uniprot	Barbara Polka	2015-08-28T12:00:00
Short-rib thoracic dysplasia 13 with or without polydactyly	http://www.w3.org/2000/01/rdf-schema#label	http://www.orpha.net/ORDO/Orphanet_474�	https://w3id.org/semapv/vocab/ManualMappingCuration	https://www.ebi.ac.uk/uniprot	Barbara Polka	2015-08-21T12:00:00
Megalencephaly-polymicrogyria-polydactyly-hydrocephalus syndrome 3	http://www.w3.org/2000/01/rdf-schema#label	http://www.orpha.net/ORDO/Orphanet_83473	https://w3id.org/semapv/vocab/ManualMappingCuration	https://www.ebi.ac.uk/uniprot	Barbara Polka	2015-08-28T12:00:00
Immunodeficiency, common variable, 11	http://www.w3.org/2000/01/rdf-schema#label	http://www.orpha.net/ORDO/Orphanet_238569	https://w3id.org/semapv/vocab/ManualMappingCuration	https://www.ebi.ac.uk/uniprot	Barbara Polka	2015-08-28T12:00:00
Immunodeficiency 22	http://www.w3.org/2000/01/rdf-schema#label	http://www.orpha.net/ORDO/Orphanet_280142	https://w3id.org/semapv/vocab/ManualMappingCuration	https://www.ebi.ac.uk/uniprot	Barbara Polka	2015-08-28T12:00:00
Diabetes mellitus, non-insulin-dependent, 5	http://www.w3.org/2000/01/rdf-schema#label	http://www.ebi.ac.uk/efo/EFO_0001360	https://w3id.org/semapv/vocab/ManualMappingCuration	https://www.ebi.ac.uk/uniprot	Barbara Polka	2015-08-21T12:00:00
Mental retardation, autosomal dominant 35	http://www.w3.org/2000/01/rdf-schema#label	http://purl.obolibrary.org/obo/HP_0001249	https://w3id.org/semapv/vocab/ManualMappingCuration	https://www.ebi.ac.uk/uniprot	Barbara Polka	2015-08-21T12:00:00
Lissencephaly 7, with cerebellar hypoplasia	http://www.w3.org/2000/01/rdf-schema#label	http://www.orpha.net/ORDO/Orphanet_86823	https://w3id.org/semapv/vocab/ManualMappingCuration	https://www.ebi.ac.uk/uniprot	Barbara Polka	2015-08-21T12:00:00
Deafness, autosomal recessive, 101	http://www.w3.org/2000/01/rdf-schema#label	http://www.orpha.net/ORDO/Orphanet_90636	https://w3id.org/semapv/vocab/ManualMappingCuration	https://www.ebi.ac.uk/uniprot	Barbara Polka	2015-08-28T12:00:00
Fanconi anemia complementation group T	http://www.w3.org/2000/01/rdf-schema#label	http://www.orpha.net/ORDO/Orphanet_84	https://w3id.org/semapv/vocab/ManualMappingCuration	https://www.ebi.ac.uk/uniprot	Barbara Polka	2015-11-17T12:00:00
Spinocerebellar ataxia, autosomal recessive, 20	http://www.w3.org/2000/01/rdf-schema#label	http://www.orpha.net/ORDO/Orphanet_397709�	https://w3id.org/semapv/vocab/ManualMappingCuration	https://www.ebi.ac.uk/uniprot	Barbara Polka	2015-08-21T12:00:00
Marden-Walker syndrome	http://www.w3.org/2000/01/rdf-schema#label	http://www.orpha.net/ORDO/Orphanet_2461	https://w3id.org/semapv/vocab/ManualMappingCuration	https://www.ebi.ac.uk/uniprot	Barbara Polka	2015-08-28T12:00:00
Epileptic encephalopathy, early infantile, 33	http://www.w3.org/2000/01/rdf-schema#label	http://www.orpha.net/ORDO/Orphanet_1934	https://w3id.org/semapv/vocab/ManualMappingCuration	https://www.ebi.ac.uk/uniprot	Barbara Polka	2015-11-17T12:00:00
Maturity-onset diabetes of the young 13	http://www.w3.org/2000/01/rdf-schema#label	http://www.orpha.net/ORDO/Orphanet_552	https://w3id.org/semapv/vocab/ManualMappingCuration	https://www.ebi.ac.uk/uniprot	Barbara Polka	2015-08-21T12:00:00
Mental retardation, X-linked 99	http://www.w3.org/2000/01/rdf-schema#label	http://www.orpha.net/ORDO/Orphanet_777	https://w3id.org/semapv/vocab/ManualMappingCuration	https://www.ebi.ac.uk/uniprot	Barbara Polka	2015-08-28T12:00:00
Macular degeneration, early-onset	http://www.w3.org/2000/01/rdf-schema#label	http://www.ebi.ac.uk/efo/EFO_0001365	https://w3id.org/semapv/vocab/ManualMappingCuration	https://www.ebi.ac.uk/uniprot	Barbara Polka	2015-08-21T12:00:00
Lipoyltransferase 1 deficiency	http://www.w3.org/2000/01/rdf-schema#label	http://www.orpha.net/ORDO/Orphanet_401862�	https://w3id.org/semapv/vocab/ManualMappingCuration	https://www.ebi.ac.uk/uniprot	Barbara Polka	2015-08-21T12:00:00
Nephronophthisis 19	http://www.w3.org/2000/01/rdf-schema#label	http://www.orpha.net/ORDO/Orphanet_655	https://w3id.org/semapv/vocab/ManualMappingCuration	https://www.ebi.ac.uk/uniprot	Barbara Polka	2015-08-21T12:00:00
Mental retardation, X-linked 100	http://www.w3.org/2000/01/rdf-schema#label	http://www.ebi.ac.uk/efo/EFO_0003847	https://w3id.org/semapv/vocab/ManualMappingCuration	https://www.ebi.ac.uk/uniprot	Barbara Polka	2015-08-28T12:00:00
*Spastic paraplegia 9A, autosomal dominant	http://www.w3.org/2000/01/rdf-schema#label	http://www.orpha.net/ORDO/Orphanet_100990	https://w3id.org/semapv/vocab/ManualMappingCuration	https://www.ebi.ac.uk/uniprot	Barbara Polka	2015-11-24T12:00:00
Amelogenesis imperfecta 1F	http://www.w3.org/2000/01/rdf-schema#label	http://www.orpha.net/ORDO/Orphanet_88661	https://w3id.org/semapv/vocab/ManualMappingCuration	https://www.ebi.ac.uk/uniprot	Barbara Polka	2015-08-21T12:00:00
Limb-girdle muscular dystrophy 1F	http://www.w3.org/2000/01/rdf-schema#label	http://www.orpha.net/ORDO/Orphanet_55595	https://w3id.org/semapv/vocab/ManualMappingCuration	https://www.ebi.ac.uk/uniprot	Barbara Polka	2015-08-28T12:00:00
Immunodeficiency 38	http://www.w3.org/2000/01/rdf-schema#label	http://www.orpha.net/ORDO/Orphanet_319563	https://w3id.org/semapv/vocab/ManualMappingCuration	https://www.ebi.ac.uk/uniprot	Barbara Polka	2015-08-21T12:00:00
Ciliary dyskinesia, primary, 29	http://www.w3.org/2000/01/rdf-schema#label	http://www.orpha.net/ORDO/Orphanet_244	https://w3id.org/semapv/vocab/ManualMappingCuration	https://www.ebi.ac.uk/uniprot	Barbara Polka	2015-08-28T12:00:00
Spastic paraplegia 9B, autosomal recessive	http://www.w3.org/2000/01/rdf-schema#label	http://www.orpha.net/ORDO/Orphanet_100981	https://w3id.org/semapv/vocab/ManualMappingCuration	https://www.ebi.ac.uk/uniprot	Barbara Polka	2015-11-24T12:00:00
Immunodeficiency 29	http://www.w3.org/2000/01/rdf-schema#label	http://www.orpha.net/ORDO/Orphanet_319558	https://w3id.org/semapv/vocab/ManualMappingCuration	https://www.ebi.ac.uk/uniprot	Barbara Polka	2015-08-28T12:00:00
Microcephaly 13, primary, autosomal recessive	http://www.w3.org/2000/01/rdf-schema#label	http://www.orpha.net/ORDO/Orphanet_2512	https://w3id.org/semapv/vocab/ManualMappingCuration	https://www.ebi.ac.uk/uniprot	Barbara Polka	2015-08-21T12:00:00
Deafness, autosomal dominant, 67	http://www.w3.org/2000/01/rdf-schema#label	http://www.orpha.net/ORDO/Orphanet_90635	https://w3id.org/semapv/vocab/ManualMappingCuration	https://www.ebi.ac.uk/uniprot	Barbara Polka	2015-08-21T12:00:00
Trichothiodystrophy 5, non-photosensitive	http://www.w3.org/2000/01/rdf-schema#label	http://www.orpha.net/ORDO/Orphanet_33364	https://w3id.org/semapv/vocab/ManualMappingCuration	https://www.ebi.ac.uk/uniprot	Barbara Polka	2015-08-21T12:00:00
Spastic paraplegia 74, autosomal recessive	http://www.w3.org/2000/01/rdf-schema#label	http://www.orpha.net/ORDO/Orphanet_100981	https://w3id.org/semapv/vocab/ManualMappingCuration	https://www.ebi.ac.uk/uniprot	Barbara Polka	2015-11-17T12:00:00
Frontotemporal dementia and/or amyotrophic lateral sclerosis 4	http://www.w3.org/2000/01/rdf-schema#label	http://www.orpha.net/ORDO/Orphanet_275872	https://w3id.org/semapv/vocab/ManualMappingCuration	https://www.ebi.ac.uk/uniprot	Barbara Polka	2015-11-17T12:00:00
Amelogenesis imperfecta, hypomaturation type, 2A5	http://www.w3.org/2000/01/rdf-schema#label	http://www.orpha.net/ORDO/Orphanet_100033	https://w3id.org/semapv/vocab/ManualMappingCuration	https://www.ebi.ac.uk/uniprot	Barbara Polka	2015-08-28T12:00:00
Cutis laxa, autosomal dominant, 3	http://www.w3.org/2000/01/rdf-schema#label	http://www.orpha.net/ORDO/Orphanet_90348	https://w3id.org/semapv/vocab/ManualMappingCuration	https://www.ebi.ac.uk/uniprot	Barbara Polka	2015-11-24T12:00:00
Mental retardation, autosomal dominant 36	http://www.w3.org/2000/01/rdf-schema#label	http://purl.obolibrary.org/obo/HP_0001249	https://w3id.org/semapv/vocab/ManualMappingCuration	https://www.ebi.ac.uk/uniprot	Barbara Polka	2015-08-21T12:00:00
Spondylometaphyseal dysplasia, Megarbane-Dagher-Melike type	http://www.w3.org/2000/01/rdf-schema#label	http://www.orpha.net/ORDO/Orphanet_401979	https://w3id.org/semapv/vocab/ManualMappingCuration	https://www.ebi.ac.uk/uniprot	Barbara Polka	2015-08-21T12:00:00
Diamond-Blackfan anemia 13	http://www.w3.org/2000/01/rdf-schema#label	http://www.orpha.net/ORDO/Orphanet_124	https://w3id.org/semapv/vocab/ManualMappingCuration	https://www.ebi.ac.uk/uniprot	Barbara Polka	2015-08-28T12:00:00
Alpha-fetoprotein, hereditary persistence	http://www.w3.org/2000/01/rdf-schema#label	http://www.orpha.net/ORDO/Orphanet_168615	https://w3id.org/semapv/vocab/ManualMappingCuration	https://www.ebi.ac.uk/uniprot	Barbara Polka	2015-08-28T12:00:00
Syndactyly, mesoaxial synostotic, with phalangeal reduction	http://www.w3.org/2000/01/rdf-schema#label	http://www.orpha.net/ORDO/Orphanet_157801	https://w3id.org/semapv/vocab/ManualMappingCuration	https://www.ebi.ac.uk/uniprot	Barbara Polka	2015-08-21T12:00:00
Acid-labile subunit deficiency	http://www.w3.org/2000/01/rdf-schema#label	http://www.orpha.net/ORDO/Orphanet_140941	https://w3id.org/semapv/vocab/ManualMappingCuration	https://www.ebi.ac.uk/uniprot	Barbara Polka	2015-08-28T12:00:00
Immunodeficiency 27B	http://www.w3.org/2000/01/rdf-schema#label	http://www.orpha.net/ORDO/Orphanet_319581	https://w3id.org/semapv/vocab/ManualMappingCuration	https://www.ebi.ac.uk/uniprot	Barbara Polka	2015-08-28T12:00:00
Myoclonic-atonic epilepsy	http://www.w3.org/2000/01/rdf-schema#label	http://www.orpha.net/ORDO/Orphanet_1942	https://w3id.org/semapv/vocab/ManualMappingCuration	https://www.ebi.ac.uk/uniprot	Barbara Polka	2015-11-17T12:00:00
*Myopathy, myosin storage, autosomal recessive	http://www.w3.org/2000/01/rdf-schema#label	http://www.orpha.net/ORDO/Orphanet_53698	https://w3id.org/semapv/vocab/ManualMappingCuration	https://www.ebi.ac.uk/uniprot	Barbara Polka	2015-11-17T12:00:00
Myopathy, centronuclear, 5	http://www.w3.org/2000/01/rdf-schema#label	http://www.orpha.net/ORDO/Orphanet_169186	https://w3id.org/semapv/vocab/ManualMappingCuration	https://www.ebi.ac.uk/uniprot	Barbara Polka	2015-08-28T12:00:00
Mental retardation, autosomal recessive 43	http://www.w3.org/2000/01/rdf-schema#label	http://www.orpha.net/ORDO/Orphanet_88616	https://w3id.org/semapv/vocab/ManualMappingCuration	https://www.ebi.ac.uk/uniprot	Barbara Polka	2015-08-28T12:00:00
Opitz GBBB syndrome 2	http://www.w3.org/2000/01/rdf-schema#label	http://www.orpha.net/ORDO/Orphanet_2745	https://w3id.org/semapv/vocab/ManualMappingCuration	https://www.ebi.ac.uk/uniprot	Barbara Polka	2015-08-21T12:00:00
Epileptic encephalopathy, early infantile, 27	http://www.w3.org/2000/01/rdf-schema#label	http://www.orpha.net/ORDO/Orphanet_3451	https://w3id.org/semapv/vocab/ManualMappingCuration	https://www.ebi.ac.uk/uniprot	Barbara Polka	2015-08-21T12:00:00
Spastic paraplegia 73, autosomal dominant	http://www.w3.org/2000/01/rdf-schema#label	http://www.orpha.net/ORDO/Orphanet_100980	https://w3id.org/semapv/vocab/ManualMappingCuration	https://www.ebi.ac.uk/uniprot	Barbara Polka	2015-08-21T12:00:00
Myasthenic syndrome, congenital, 17	http://www.w3.org/2000/01/rdf-schema#label	http://www.orpha.net/ORDO/Orphanet_590	https://w3id.org/semapv/vocab/ManualMappingCuration	https://www.ebi.ac.uk/uniprot	Barbara Polka	2015-08-21T12:00:00
Nephronophthisis 18	http://www.w3.org/2000/01/rdf-schema#label	http://www.orpha.net/ORDO/Orphanet_655	https://w3id.org/semapv/vocab/ManualMappingCuration	https://www.ebi.ac.uk/uniprot	Barbara Polka	2015-08-28T12:00:00
Candidiasis, familial, 9	http://www.w3.org/2000/01/rdf-schema#label	http://www.orpha.net/ORDO/Orphanet_1334	https://w3id.org/semapv/vocab/ManualMappingCuration	https://www.ebi.ac.uk/uniprot	Barbara Polka	2015-11-17T12:00:00
*Barber-Say syndrome	http://www.w3.org/2000/01/rdf-schema#label	http://www.orpha.net/ORDO/Orphanet_1231	https://w3id.org/semapv/vocab/ManualMappingCuration	https://www.ebi.ac.uk/uniprot	Barbara Polka	2015-11-24T12:00:00
Long QT syndrome 14	http://www.w3.org/2000/01/rdf-schema#label	http://www.orpha.net/ORDO/Orphanet_768	https://w3id.org/semapv/vocab/ManualMappingCuration	https://www.ebi.ac.uk/uniprot	Barbara Polka	2015-08-21T12:00:00
Leukodystrophy, hypomyelinating, 10	http://www.w3.org/2000/01/rdf-schema#label	http://www.orpha.net/ORDO/Orphanet_289494	https://w3id.org/semapv/vocab/ManualMappingCuration	https://www.ebi.ac.uk/uniprot	Barbara Polka	2015-11-17T12:00:00
Webb-Dattani syndrome	http://www.w3.org/2000/01/rdf-schema#label	http://www.orpha.net/ORDO/Orphanet_370006	https://w3id.org/semapv/vocab/ManualMappingCuration	https://www.ebi.ac.uk/uniprot	Barbara Polka	2015-08-28T12:00:00
Thyroid cancer, non-medullary, 5	http://www.w3.org/2000/01/rdf-schema#label	http://www.ebi.ac.uk/efo/EFO_0000501	https://w3id.org/semapv/vocab/ManualMappingCuration	https://www.ebi.ac.uk/uniprot	Barbara Polka	2015-11-24T12:00:00
Orofaciodigital syndrome 6	http://www.w3.org/2000/01/rdf-schema#label	http://www.orpha.net/ORDO/Orphanet_2754	https://w3id.org/semapv/vocab/ManualMappingCuration	https://www.ebi.ac.uk/uniprot	Barbara Polka	2015-08-21T12:00:00
Desbuquois dysplasia 2	http://www.w3.org/2000/01/rdf-schema#label	http://www.orpha.net/ORDO/Orphanet_1425	https://w3id.org/semapv/vocab/ManualMappingCuration	https://www.ebi.ac.uk/uniprot	Barbara Polka	2015-08-28T12:00:00
Mental retardation, autosomal recessive 45	http://www.w3.org/2000/01/rdf-schema#label	http://www.orpha.net/ORDO/Orphanet_88616	https://w3id.org/semapv/vocab/ManualMappingCuration	https://www.ebi.ac.uk/uniprot	Barbara Polka	2015-08-28T12:00:00
Pachyonychia congenita 4	http://www.w3.org/2000/01/rdf-schema#label	http://www.orpha.net/ORDO/Orphanet_2309	https://w3id.org/semapv/vocab/ManualMappingCuration	https://www.ebi.ac.uk/uniprot	Barbara Polka	2015-08-28T12:00:00
*Epithelial recurrent erosion dystrophy	http://www.w3.org/2000/01/rdf-schema#label	http://www.orpha.net/ORDO/Orphanet_293381	https://w3id.org/semapv/vocab/ManualMappingCuration	https://www.ebi.ac.uk/uniprot	Barbara Polka	2015-11-24T12:00:00
Coloboma, ocular, autosomal recessive	http://www.w3.org/2000/01/rdf-schema#label	http://www.orpha.net/ORDO/Orphanet_194	https://w3id.org/semapv/vocab/ManualMappingCuration	https://www.ebi.ac.uk/uniprot	Barbara Polka	2015-08-28T12:00:00
Noonan syndrome 10	http://www.w3.org/2000/01/rdf-schema#label	http://www.orpha.net/ORDO/Orphanet_648	https://w3id.org/semapv/vocab/ManualMappingCuration	https://www.ebi.ac.uk/uniprot	Barbara Polka	2015-11-24T12:00:00
*Spitz nevus	http://www.w3.org/2000/01/rdf-schema#label	http://www.orpha.net/ORDO/Orphanet_626	https://w3id.org/semapv/vocab/ManualMappingCuration	https://www.ebi.ac.uk/uniprot	Barbara Polka	2015-11-17T12:00:00
CODAS syndrome	http://www.w3.org/2000/01/rdf-schema#label	http://www.orpha.net/ORDO/Orphanet_1458	https://w3id.org/semapv/vocab/ManualMappingCuration	https://www.ebi.ac.uk/uniprot	Barbara Polka	2015-08-21T12:00:00
Retinal dystrophy and obesity	http://www.w3.org/2000/01/rdf-schema#label	http://www.orpha.net/ORDO/Orphanet_791	https://w3id.org/semapv/vocab/ManualMappingCuration	https://www.ebi.ac.uk/uniprot	Barbara Polka	2015-08-21T12:00:00
Hypermanganesemia with dystonia, polycythemia, and cirrhosis	http://www.w3.org/2000/01/rdf-schema#label	http://www.orpha.net/ORDO/Orphanet_309854	https://w3id.org/semapv/vocab/ManualMappingCuration	https://www.ebi.ac.uk/uniprot	Barbara Polka	2015-08-28T12:00:00
Epilepsy, familial temporal lobe, 8	http://www.w3.org/2000/01/rdf-schema#label	http://www.ebi.ac.uk/efo/EFO_0000773	https://w3id.org/semapv/vocab/ManualMappingCuration	https://www.ebi.ac.uk/uniprot	Barbara Polka	2015-11-17T12:00:00
*Hypertension and brachydactyly syndrome	http://www.w3.org/2000/01/rdf-schema#label	http://www.orpha.net/ORDO/Orphanet_1276	https://w3id.org/semapv/vocab/ManualMappingCuration	https://www.ebi.ac.uk/uniprot	Barbara Polka	2015-11-17T12:00:00
Vitreoretinopathy, exudative 6	http://www.w3.org/2000/01/rdf-schema#label	http://www.orpha.net/ORDO/Orphanet_891	https://w3id.org/semapv/vocab/ManualMappingCuration	https://www.ebi.ac.uk/uniprot	Barbara Polka	2015-11-17T12:00:00
Microcephaly and chorioretinopathy, autosomal recessive, 2	http://www.w3.org/2000/01/rdf-schema#label	http://www.orpha.net/ORDO/Orphanet_808	https://w3id.org/semapv/vocab/ManualMappingCuration	https://www.ebi.ac.uk/uniprot	Barbara Polka	2015-08-21T12:00:00
Pachyonychia congenita 3	http://www.w3.org/2000/01/rdf-schema#label	http://www.orpha.net/ORDO/Orphanet_2309	https://w3id.org/semapv/vocab/ManualMappingCuration	https://www.ebi.ac.uk/uniprot	Barbara Polka	2015-08-28T12:00:00
Adams-Oliver syndrome 6	http://www.w3.org/2000/01/rdf-schema#label	http://www.orpha.net/ORDO/Orphanet_974	https://w3id.org/semapv/vocab/ManualMappingCuration	https://www.ebi.ac.uk/uniprot	Barbara Polka	2015-11-24T12:00:00
Cardioencephalomyopathy, fatal infantile, due to cytochrome c oxidase deficiency 4	http://www.w3.org/2000/01/rdf-schema#label	http://www.orpha.net/ORDO/Orphanet_1561	https://w3id.org/semapv/vocab/ManualMappingCuration	https://www.ebi.ac.uk/uniprot	Barbara Polka	2015-11-17T12:00:00
Dystonia 27	http://www.w3.org/2000/01/rdf-schema#label	http://www.orpha.net/ORDO/Orphanet_156159	https://w3id.org/semapv/vocab/ManualMappingCuration	https://www.ebi.ac.uk/uniprot	Barbara Polka	2015-11-17T12:00:00
Inflammatory skin and bowel disease, neonatal, 2	http://www.w3.org/2000/01/rdf-schema#label	http://www.orpha.net/ORDO/Orphanet_294023	https://w3id.org/semapv/vocab/ManualMappingCuration	https://www.ebi.ac.uk/uniprot	Barbara Polka	2015-08-21T12:00:00
Mitochondrial complex III deficiency, nuclear 8	http://www.w3.org/2000/01/rdf-schema#label	http://www.orpha.net/ORDO/Orphanet_1460	https://w3id.org/semapv/vocab/ManualMappingCuration	https://www.ebi.ac.uk/uniprot	Barbara Polka	2015-08-28T12:00:00
Long QT syndrome 15	http://www.w3.org/2000/01/rdf-schema#label	http://www.orpha.net/ORDO/Orphanet_768	https://w3id.org/semapv/vocab/ManualMappingCuration	https://www.ebi.ac.uk/uniprot	Barbara Polka	2015-08-21T12:00:00
Orofaciodigital syndrome 14	http://www.w3.org/2000/01/rdf-schema#label	http://www.orpha.net/ORDO/Orphanet_369902	https://w3id.org/semapv/vocab/ManualMappingCuration	https://www.ebi.ac.uk/uniprot	Barbara Polka	2015-08-28T12:00:00
Charcot-Marie-Tooth disease 2V	http://www.w3.org/2000/01/rdf-schema#label	http://www.orpha.net/ORDO/Orphanet_64746	https://w3id.org/semapv/vocab/ManualMappingCuration	https://www.ebi.ac.uk/uniprot	Barbara Polka	2015-11-17T12:00:00
Spinal muscular atrophy, Jokela type	http://www.w3.org/2000/01/rdf-schema#label	http://www.orpha.net/ORDO/Orphanet_276435	https://w3id.org/semapv/vocab/ManualMappingCuration	https://www.ebi.ac.uk/uniprot	Barbara Polka	2015-08-21T12:00:00
Sacral agenesis with vertebral anomalies	http://www.w3.org/2000/01/rdf-schema#label	http://www.orpha.net/ORDO/Orphanet_397927	https://w3id.org/semapv/vocab/ManualMappingCuration	https://www.ebi.ac.uk/uniprot	Barbara Polka	2015-08-28T12:00:00
Mental retardation, autosomal dominant 27	http://www.w3.org/2000/01/rdf-schema#label	http://www.orpha.net/ORDO/Orphanet_1465	https://w3id.org/semapv/vocab/ManualMappingCuration	https://www.ebi.ac.uk/uniprot	Barbara Polka	2015-08-28T12:00:00
Myasthenic syndrome, congenital, 4B, fast-channel	http://www.w3.org/2000/01/rdf-schema#label	http://www.orpha.net/ORDO/Orphanet_590	https://w3id.org/semapv/vocab/ManualMappingCuration	https://www.ebi.ac.uk/uniprot	Barbara Polka	2015-08-21T12:00:00
Craniosynostosis 6	http://www.w3.org/2000/01/rdf-schema#label	http://www.orpha.net/ORDO/Orphanet_1531	https://w3id.org/semapv/vocab/ManualMappingCuration	https://www.ebi.ac.uk/uniprot	Barbara Polka	2015-11-24T12:00:00
*Premature aging syndrome, Penttinen type	http://www.w3.org/2000/01/rdf-schema#label	http://www.orpha.net/ORDO/Orphanet_363665	https://w3id.org/semapv/vocab/ManualMappingCuration	https://www.ebi.ac.uk/uniprot	Barbara Polka	2015-11-24T12:00:00
Cardioencephalomyopathy, fatal infantile, due to cytochrome c oxidase deficiency 3	http://www.w3.org/2000/01/rdf-schema#label	http://www.orpha.net/ORDO/Orphanet_1561	https://w3id.org/semapv/vocab/ManualMappingCuration	https://www.ebi.ac.uk/uniprot	Barbara Polka	2015-11-17T12:00:00
*Epilepsy, familial adult myoclonic, 2	http://www.w3.org/2000/01/rdf-schema#label	http://www.orpha.net/ORDO/Orphanet_86814	https://w3id.org/semapv/vocab/ManualMappingCuration	https://www.ebi.ac.uk/uniprot	Barbara Polka	2015-11-17T12:00:00
Klippel-Feil syndrome 4, autosomal recessive, with myopathy and facial dysmorphism	http://www.w3.org/2000/01/rdf-schema#label	http://www.orpha.net/ORDO/Orphanet_2345	https://w3id.org/semapv/vocab/ManualMappingCuration	https://www.ebi.ac.uk/uniprot	Barbara Polka	2015-11-24T12:00:00
Epileptic encephalopathy, early infantile, 28	http://www.w3.org/2000/01/rdf-schema#label	http://www.orpha.net/ORDO/Orphanet_1934	https://w3id.org/semapv/vocab/ManualMappingCuration	https://www.ebi.ac.uk/uniprot	Barbara Polka	2015-08-21T12:00:00
Singleton-Merten syndrome 1	http://www.w3.org/2000/01/rdf-schema#label	http://www.orpha.net/ORDO/Orphanet_85191	https://w3id.org/semapv/vocab/ManualMappingCuration	https://www.ebi.ac.uk/uniprot	Barbara Polka	2015-08-21T12:00:00
Mitochondrial complex III deficiency, nuclear 7	http://www.w3.org/2000/01/rdf-schema#label	http://www.orpha.net/ORDO/Orphanet_1460	https://w3id.org/semapv/vocab/ManualMappingCuration	https://www.ebi.ac.uk/uniprot	Barbara Polka	2015-08-28T12:00:00
Pettigrew syndrome	http://www.w3.org/2000/01/rdf-schema#label	http://www.orpha.net/ORDO/Orphanet_1568	https://w3id.org/semapv/vocab/ManualMappingCuration	https://www.ebi.ac.uk/uniprot	Barbara Polka	2015-08-28T12:00:00
*Corneal dystrophy, Fuchs endothelial, 3	http://www.w3.org/2000/01/rdf-schema#label	http://www.orpha.net/ORDO/Orphanet_98974	https://w3id.org/semapv/vocab/ManualMappingCuration	https://www.ebi.ac.uk/uniprot	Barbara Polka	2015-11-24T12:00:00
Mental retardation, autosomal dominant 30	http://www.w3.org/2000/01/rdf-schema#label	http://purl.obolibrary.org/obo/HP_0001249	https://w3id.org/semapv/vocab/ManualMappingCuration	https://www.ebi.ac.uk/uniprot	Barbara Polka	2015-08-21T12:00:00
Epileptic encephalopathy, early infantile, 32	http://www.w3.org/2000/01/rdf-schema#label	http://www.orpha.net/ORDO/Orphanet_1934	https://w3id.org/semapv/vocab/ManualMappingCuration	https://www.ebi.ac.uk/uniprot	Barbara Polka	2015-08-21T12:00:00
Palmoplantar keratoderma, non-epidermolytic, focal 2	http://www.w3.org/2000/01/rdf-schema#label	http://www.orpha.net/ORDO/Orphanet_2337	https://w3id.org/semapv/vocab/ManualMappingCuration	https://www.ebi.ac.uk/uniprot	Barbara Polka	2015-08-21T12:00:00
*Heimler syndrome 1	http://www.w3.org/2000/01/rdf-schema#label	http://www.orpha.net/ORDO/Orphanet_3220	https://w3id.org/semapv/vocab/ManualMappingCuration	https://www.ebi.ac.uk/uniprot	Barbara Polka	2015-11-24T12:00:00
Myasthenic syndrome, congenital, 11, associated with acetylcholine receptor deficiency	http://www.w3.org/2000/01/rdf-schema#label	http://www.orpha.net/ORDO/Orphanet_590	https://w3id.org/semapv/vocab/ManualMappingCuration	https://www.ebi.ac.uk/uniprot	Barbara Polka	2015-08-21T12:00:00
Fibrosis of extraocular muscles, congenital, 3B	http://www.w3.org/2000/01/rdf-schema#label	http://www.orpha.net/ORDO/Orphanet_45358	https://w3id.org/semapv/vocab/ManualMappingCuration	https://www.ebi.ac.uk/uniprot	Barbara Polka	2015-11-17T12:00:00
Leukodystrophy, hypomyelinating, 11	http://www.w3.org/2000/01/rdf-schema#label	http://www.orpha.net/ORDO/Orphanet_289494	https://w3id.org/semapv/vocab/ManualMappingCuration	https://www.ebi.ac.uk/uniprot	Barbara Polka	2015-11-17T12:00:00
Leber congenital amaurosis 18	http://www.w3.org/2000/01/rdf-schema#label	http://www.orpha.net/ORDO/Orphanet_791	https://w3id.org/semapv/vocab/ManualMappingCuration	https://www.ebi.ac.uk/uniprot	Barbara Polka	2015-08-21T12:00:00
Pontocerebellar hypoplasia 1C	http://www.w3.org/2000/01/rdf-schema#label	http://www.orpha.net/ORDO/Orphanet_2254	https://w3id.org/semapv/vocab/ManualMappingCuration	https://www.ebi.ac.uk/uniprot	Barbara Polka	2015-08-21T12:00:00
Ovarian dysgenesis 4	http://www.w3.org/2000/01/rdf-schema#label	http://www.orpha.net/ORDO/Orphanet_243	https://w3id.org/semapv/vocab/ManualMappingCuration	https://www.ebi.ac.uk/uniprot	Barbara Polka	2015-08-21T12:00:00
46,XY sex reversal 9	http://www.w3.org/2000/01/rdf-schema#label	http://www.orpha.net/ORDO/Orphanet_251510	https://w3id.org/semapv/vocab/ManualMappingCuration	https://www.ebi.ac.uk/uniprot	Barbara Polka	2015-08-21T12:00:00
Aicardi-Goutieres syndrome 7	http://www.w3.org/2000/01/rdf-schema#label	http://www.orpha.net/ORDO/Orphanet_51	https://w3id.org/semapv/vocab/ManualMappingCuration	https://www.ebi.ac.uk/uniprot	Barbara Polka	2015-08-28T12:00:00
Dystonia 2, torsion, autosomal recessive	http://www.w3.org/2000/01/rdf-schema#label	http://www.orpha.net/ORDO/Orphanet_99657	https://w3id.org/semapv/vocab/ManualMappingCuration	https://www.ebi.ac.uk/uniprot	Barbara Polka	2015-08-21T12:00:00
Pancreatic agenesis 2	http://www.w3.org/2000/01/rdf-schema#label	http://www.orpha.net/ORDO/Orphanet_2805	https://w3id.org/semapv/vocab/ManualMappingCuration	https://www.ebi.ac.uk/uniprot	Barbara Polka	2015-08-28T12:00:00
Mental retardation, autosomal dominant 36	http://www.w3.org/2000/01/rdf-schema#label	http://www.ebi.ac.uk/efo/EFO_0003847	https://w3id.org/semapv/vocab/ManualMappingCuration	https://www.ebi.ac.uk/uniprot	Barbara Polka	2015-08-21T12:00:00
Deafness, autosomal recessive, 102	http://www.w3.org/2000/01/rdf-schema#label	http://www.orpha.net/ORDO/Orphanet_90636	https://w3id.org/semapv/vocab/ManualMappingCuration	https://www.ebi.ac.uk/uniprot	Barbara Polka	2015-08-28T12:00:00
Deafness, autosomal recessive, 103	http://www.w3.org/2000/01/rdf-schema#label	http://www.orpha.net/ORDO/Orphanet_90636	https://w3id.org/semapv/vocab/ManualMappingCuration	https://www.ebi.ac.uk/uniprot	Barbara Polka	2015-08-21T12:00:00
Myopathy, vacuolar, with CASQ1 aggregates	http://www.w3.org/2000/01/rdf-schema#label	http://www.orpha.net/ORDO/Orphanet_88635	https://w3id.org/semapv/vocab/ManualMappingCuration	https://www.ebi.ac.uk/uniprot	Barbara Polka	2015-08-21T12:00:00
Pontocerebellar hypoplasia 5	http://www.w3.org/2000/01/rdf-schema#label	http://www.orpha.net/ORDO/Orphanet_166068	https://w3id.org/semapv/vocab/ManualMappingCuration	https://www.ebi.ac.uk/uniprot	Barbara Polka	2015-08-21T12:00:00
*Arthrogryposis, distal, 8	http://www.w3.org/2000/01/rdf-schema#label	http://www.orpha.net/ORDO/Orphanet_65743	https://w3id.org/semapv/vocab/ManualMappingCuration	https://www.ebi.ac.uk/uniprot	Barbara Polka	2015-11-24T12:00:00
Melanocytic nevus syndrome, congenital	http://www.w3.org/2000/01/rdf-schema#label	http://www.orpha.net/ORDO/Orphanet_626	https://w3id.org/semapv/vocab/ManualMappingCuration	https://www.ebi.ac.uk/uniprot	Barbara Polka	2015-08-28T12:00:00
Acromelic frontonasal dysostosis	http://www.w3.org/2000/01/rdf-schema#label	http://www.orpha.net/ORDO/Orphanet_1827	https://w3id.org/semapv/vocab/ManualMappingCuration	https://www.ebi.ac.uk/uniprot	Barbara Polka	2015-08-28T12:00:00
Microphthalmia, syndromic, 13	http://www.w3.org/2000/01/rdf-schema#label	http://www.orpha.net/ORDO/Orphanet_202948	https://w3id.org/semapv/vocab/ManualMappingCuration	https://www.ebi.ac.uk/uniprot	Barbara Polka	2015-08-28T12:00:00
Premature ovarian failure 8	http://www.w3.org/2000/01/rdf-schema#label	http://www.ebi.ac.uk/efo/EFO_0004266	https://w3id.org/semapv/vocab/ManualMappingCuration	https://www.ebi.ac.uk/uniprot	Barbara Polka	2015-08-28T12:00:00
Microcephaly, short stature, and impaired glucose metabolism	http://www.w3.org/2000/01/rdf-schema#label	http://www.orpha.net/ORDO/Orphanet_391408	https://w3id.org/semapv/vocab/ManualMappingCuration	https://www.ebi.ac.uk/uniprot	Barbara Polka	2015-08-28T12:00:00
Neutropenia, severe congenital 6, autosomal recessive	http://www.w3.org/2000/01/rdf-schema#label	http://www.orpha.net/ORDO/Orphanet_42738	https://w3id.org/semapv/vocab/ManualMappingCuration	https://www.ebi.ac.uk/uniprot	Barbara Polka	2015-08-28T12:00:00
Bosch-Boonstra-Schaaf optic atrophy syndrome	http://www.w3.org/2000/01/rdf-schema#label	http://www.orpha.net/ORDO/Orphanet_401777	https://w3id.org/semapv/vocab/ManualMappingCuration	https://www.ebi.ac.uk/uniprot	Barbara Polka	2015-08-28T12:00:00
Charcot-Marie-Tooth disease, recessive, intermediate type, D	http://www.w3.org/2000/01/rdf-schema#label	http://www.orpha.net/ORDO/Orphanet_268337	https://w3id.org/semapv/vocab/ManualMappingCuration	https://www.ebi.ac.uk/uniprot	Barbara Polka	2015-08-21T12:00:00
Thyroid cancer, non-medullary, 4	http://www.w3.org/2000/01/rdf-schema#label	http://www.ebi.ac.uk/efo/EFO_0000501	https://w3id.org/semapv/vocab/ManualMappingCuration	https://www.ebi.ac.uk/uniprot	Barbara Polka	2015-11-24T12:00:00
Poretti-Boltshauser syndrome	http://www.w3.org/2000/01/rdf-schema#label	http://www.orpha.net/ORDO/Orphanet_370022	https://w3id.org/semapv/vocab/ManualMappingCuration	https://www.ebi.ac.uk/uniprot	Barbara Polka	2015-08-28T12:00:00
Mental retardation, autosomal dominant 37	http://www.w3.org/2000/01/rdf-schema#label	http://www.ebi.ac.uk/efo/EFO_0003847	https://w3id.org/semapv/vocab/ManualMappingCuration	https://www.ebi.ac.uk/uniprot	Barbara Polka	2015-08-21T12:00:00
Muscular dystrophy-dystroglycanopathy limb-girdle C7	http://www.w3.org/2000/01/rdf-schema#label	http://www.orpha.net/ORDO/Orphanet_352479	https://w3id.org/semapv/vocab/ManualMappingCuration	https://www.ebi.ac.uk/uniprot	Barbara Polka	2015-08-28T12:00:00
Congenital disorder of glycosylation 1Z	http://www.w3.org/2000/01/rdf-schema#label	http://www.ebi.ac.uk/efo/EFO_0005545	https://w3id.org/semapv/vocab/ManualMappingCuration	https://www.ebi.ac.uk/uniprot	Barbara Polka	2015-11-17T12:00:00
Focal segmental glomerulosclerosis 9	http://www.w3.org/2000/01/rdf-schema#label	http://www.ebi.ac.uk/efo/EFO_0004236	https://w3id.org/semapv/vocab/ManualMappingCuration	https://www.ebi.ac.uk/uniprot	Barbara Polka	2015-08-21T12:00:00
Diarrhea 7	http://www.w3.org/2000/01/rdf-schema#label	http://purl.obolibrary.org/obo/HP_0002014	https://w3id.org/semapv/vocab/ManualMappingCuration	https://www.ebi.ac.uk/uniprot	Barbara Polka	2015-08-28T12:00:00
*Congenital anomalies of kidney and urinary tract 2	http://www.w3.org/2000/01/rdf-schema#label	http://www.orpha.net/ORDO/Orphanet_2190	https://w3id.org/semapv/vocab/ManualMappingCuration	https://www.ebi.ac.uk/uniprot	Barbara Polka	2015-11-24T12:00:00
Bardet-Biedl syndrome 19	http://www.w3.org/2000/01/rdf-schema#label	http://www.orpha.net/ORDO/Orphanet_110	https://w3id.org/semapv/vocab/ManualMappingCuration	https://www.ebi.ac.uk/uniprot	Barbara Polka	2015-08-28T12:00:00
Cone-rod dystrophy 20	http://www.w3.org/2000/01/rdf-schema#label	http://www.orpha.net/ORDO/Orphanet_1872	https://w3id.org/semapv/vocab/ManualMappingCuration	https://www.ebi.ac.uk/uniprot	Barbara Polka	2015-08-28T12:00:00
Ullrich congenital muscular dystrophy 2	http://www.w3.org/2000/01/rdf-schema#label	http://www.orpha.net/ORDO/Orphanet_75840	https://w3id.org/semapv/vocab/ManualMappingCuration	https://www.ebi.ac.uk/uniprot	Barbara Polka	2015-11-17T12:00:00
Atrial fibrillation, familial, 16	http://www.w3.org/2000/01/rdf-schema#label	http://www.ebi.ac.uk/efo/EFO_0000275	https://w3id.org/semapv/vocab/ManualMappingCuration	https://www.ebi.ac.uk/uniprot	Barbara Polka	2015-08-28T12:00:00
Noonan syndrome 9	http://www.w3.org/2000/01/rdf-schema#label	http://www.orpha.net/ORDO/Orphanet_648	https://w3id.org/semapv/vocab/ManualMappingCuration	https://www.ebi.ac.uk/uniprot	Barbara Polka	2015-11-24T12:00:00
Cerebrocostomandibular syndrome	http://www.w3.org/2000/01/rdf-schema#label	http://www.orpha.net/ORDO/Orphanet_1393	https://w3id.org/semapv/vocab/ManualMappingCuration	https://www.ebi.ac.uk/uniprot	Barbara Polka	2015-08-21T12:00:00
Growth restriction, severe, with distinctive facies	http://www.w3.org/2000/01/rdf-schema#label	http://www.orpha.net/ORDO/Orphanet_813	https://w3id.org/semapv/vocab/ManualMappingCuration	https://www.ebi.ac.uk/uniprot	Barbara Polka	2015-11-17T12:00:00
Cone-rod dystrophy 19	http://www.w3.org/2000/01/rdf-schema#label	http://www.orpha.net/ORDO/Orphanet_1872	https://w3id.org/semapv/vocab/ManualMappingCuration	https://www.ebi.ac.uk/uniprot	Barbara Polka	2015-08-28T12:00:00
Premature ovarian failure 9	http://www.w3.org/2000/01/rdf-schema#label	http://www.ebi.ac.uk/efo/EFO_0004266	https://w3id.org/semapv/vocab/ManualMappingCuration	https://www.ebi.ac.uk/uniprot	Barbara Polka	2015-08-28T12:00:00
Retinitis pigmentosa 74	http://www.w3.org/2000/01/rdf-schema#label	http://www.orpha.net/ORDO/Orphanet_791	https://w3id.org/semapv/vocab/ManualMappingCuration	https://www.ebi.ac.uk/uniprot	Barbara Polka	2015-11-24T12:00:00
Cardiomyopathy, familial hypertrophic 23, with or without left ventricular non-compaction	http://www.w3.org/2000/01/rdf-schema#label	http://www.orpha.net/ORDO/Orphanet_154	https://w3id.org/semapv/vocab/ManualMappingCuration	https://www.ebi.ac.uk/uniprot	Barbara Polka	2015-08-21T12:00:00
Mental retardation, autosomal dominant 40	http://www.w3.org/2000/01/rdf-schema#label	http://www.orpha.net/ORDO/Orphanet_178469	https://w3id.org/semapv/vocab/ManualMappingCuration	https://www.ebi.ac.uk/uniprot	Barbara Polka	2015-11-24T12:00:00
Polyglucosan body myopathy 2	http://www.w3.org/2000/01/rdf-schema#label	http://www.orpha.net/ORDO/Orphanet_397937	https://w3id.org/semapv/vocab/ManualMappingCuration	https://www.ebi.ac.uk/uniprot	Barbara Polka	2015-08-21T12:00:00
Lethal congenital contracture syndrome 7	http://www.w3.org/2000/01/rdf-schema#label	http://www.orpha.net/ORDO/Orphanet_294965�	https://w3id.org/semapv/vocab/ManualMappingCuration	https://www.ebi.ac.uk/uniprot	Barbara Polka	2015-08-21T12:00:00
Neu-Laxova syndrome 2	http://www.w3.org/2000/01/rdf-schema#label	http://www.orpha.net/ORDO/Orphanet_2671	https://w3id.org/semapv/vocab/ManualMappingCuration	https://www.ebi.ac.uk/uniprot	Barbara Polka	2015-08-21T12:00:00
Spondylocostal dysostosis 6, autosomal recessive	http://www.w3.org/2000/01/rdf-schema#label	http://www.orpha.net/ORDO/Orphanet_2311	https://w3id.org/semapv/vocab/ManualMappingCuration	https://www.ebi.ac.uk/uniprot	Barbara Polka	2015-11-24T12:00:00
*Spondyloocular syndrome	http://www.w3.org/2000/01/rdf-schema#label	http://www.orpha.net/ORDO/Orphanet_85194	https://w3id.org/semapv/vocab/ManualMappingCuration	https://www.ebi.ac.uk/uniprot	Barbara Polka	2015-11-24T12:00:00
3-methylglutaconic aciduria with cataracts, neurologic involvement and neutropenia	http://www.w3.org/2000/01/rdf-schema#label	http://www.orpha.net/ORDO/Orphanet_289902	https://w3id.org/semapv/vocab/ManualMappingCuration	https://www.ebi.ac.uk/uniprot	Barbara Polka	2015-08-21T12:00:00
Mental retardation, autosomal dominant 34	http://www.w3.org/2000/01/rdf-schema#label	http://www.ebi.ac.uk/efo/EFO_0003847	https://w3id.org/semapv/vocab/ManualMappingCuration	https://www.ebi.ac.uk/uniprot	Barbara Polka	2015-08-21T12:00:00
Deafness, autosomal dominant, 40	http://www.w3.org/2000/01/rdf-schema#label	http://www.orpha.net/ORDO/Orphanet_90635	https://w3id.org/semapv/vocab/ManualMappingCuration	https://www.ebi.ac.uk/uniprot	Barbara Polka	2015-08-21T12:00:00
Myopathy, lactic acidosis, and sideroblastic anemia 3	http://www.w3.org/2000/01/rdf-schema#label	http://www.orpha.net/ORDO/Orphanet_2598	https://w3id.org/semapv/vocab/ManualMappingCuration	https://www.ebi.ac.uk/uniprot	Barbara Polka	2015-08-21T12:00:00
Acrofacial dysostosis, Cincinnati type	http://www.w3.org/2000/01/rdf-schema#label	http://www.orpha.net/ORDO/Orphanet_364574	https://w3id.org/semapv/vocab/ManualMappingCuration	https://www.ebi.ac.uk/uniprot	Barbara Polka	2015-11-17T12:00:00
Hennekam lymphangiectasia-lymphedema syndrome 2	http://www.w3.org/2000/01/rdf-schema#label	http://www.orpha.net/ORDO/Orphanet_2136	https://w3id.org/semapv/vocab/ManualMappingCuration	https://www.ebi.ac.uk/uniprot	Barbara Polka	2015-08-28T12:00:00
Porokeratosis 8, disseminated superficial actinic type	http://www.w3.org/2000/01/rdf-schema#label	http://www.orpha.net/ORDO/Orphanet_79152	https://w3id.org/semapv/vocab/ManualMappingCuration	https://www.ebi.ac.uk/uniprot	Barbara Polka	2015-08-21T12:00:00
Deafness, autosomal recessive, 44	http://www.w3.org/2000/01/rdf-schema#label	http://www.orpha.net/ORDO/Orphanet_90636	https://w3id.org/semapv/vocab/ManualMappingCuration	https://www.ebi.ac.uk/uniprot	Barbara Polka	2015-08-28T12:00:00
Neu-Laxova syndrome 1	http://www.w3.org/2000/01/rdf-schema#label	http://www.orpha.net/ORDO/Orphanet_2671	https://w3id.org/semapv/vocab/ManualMappingCuration	https://www.ebi.ac.uk/uniprot	Barbara Polka	2015-08-28T12:00:00
Epilepsy, progressive myoclonic 8	http://www.w3.org/2000/01/rdf-schema#label	http://www.orpha.net/ORDO/Orphanet_98261	https://w3id.org/semapv/vocab/ManualMappingCuration	https://www.ebi.ac.uk/uniprot	Barbara Polka	2015-08-21T12:00:00
Mental retardation, X-linked 12	http://www.w3.org/2000/01/rdf-schema#label	http://www.orpha.net/ORDO/Orphanet_777	https://w3id.org/semapv/vocab/ManualMappingCuration	https://www.ebi.ac.uk/uniprot	Barbara Polka	2015-11-24T12:00:00
Fibrosis of extraocular muscles, congenital, 5	http://www.w3.org/2000/01/rdf-schema#label	http://www.orpha.net/ORDO/Orphanet_45358	https://w3id.org/semapv/vocab/ManualMappingCuration	https://www.ebi.ac.uk/uniprot	Barbara Polka	2015-08-21T12:00:00
Ectodermal dysplasia 7, hair/nail type	http://www.w3.org/2000/01/rdf-schema#label	http://www.orpha.net/ORDO/Orphanet_69084	https://w3id.org/semapv/vocab/ManualMappingCuration	https://www.ebi.ac.uk/uniprot	Barbara Polka	2015-08-28T12:00:00
*Deafness, autosomal recessive, 66	http://www.w3.org/2000/01/rdf-schema#label	http://www.orpha.net/ORDO/Orphanet_90636	https://w3id.org/semapv/vocab/ManualMappingCuration	https://www.ebi.ac.uk/uniprot	Barbara Polka	2015-11-24T12:00:00
Brugada syndrome 9	http://www.w3.org/2000/01/rdf-schema#label	http://www.orpha.net/ORDO/Orphanet_130	https://w3id.org/semapv/vocab/ManualMappingCuration	https://www.ebi.ac.uk/uniprot	Barbara Polka	2015-08-21T12:00:00
Atrial standstill 2	http://www.w3.org/2000/01/rdf-schema#label	http://www.orpha.net/ORDO/Orphanet_1344	https://w3id.org/semapv/vocab/ManualMappingCuration	https://www.ebi.ac.uk/uniprot	Barbara Polka	2015-08-28T12:00:00
Temple-Baraitser syndrome	http://www.w3.org/2000/01/rdf-schema#label	http://purl.obolibrary.org/obo/HP_0001249	https://w3id.org/semapv/vocab/ManualMappingCuration	https://www.ebi.ac.uk/uniprot	Barbara Polka	2015-08-21T12:00:00
Ciliary dyskinesia, primary, 32	http://www.w3.org/2000/01/rdf-schema#label	http://www.orpha.net/ORDO/Orphanet_244	https://w3id.org/semapv/vocab/ManualMappingCuration	https://www.ebi.ac.uk/uniprot	Barbara Polka	2015-11-17T12:00:00
Familial adenomatous polyposis 3	http://www.w3.org/2000/01/rdf-schema#label	http://www.orpha.net/ORDO/Orphanet_733	https://w3id.org/semapv/vocab/ManualMappingCuration	https://www.ebi.ac.uk/uniprot	Barbara Polka	2015-11-17T12:00:00
Bleeding disorder, platelet-type 19	http://www.w3.org/2000/01/rdf-schema#label	http://www.orpha.net/ORDO/Orphanet_71202	https://w3id.org/semapv/vocab/ManualMappingCuration	https://www.ebi.ac.uk/uniprot	Barbara Polka	2015-08-21T12:00:00
Mental retardation, autosomal dominant 30	http://www.w3.org/2000/01/rdf-schema#label	http://www.ebi.ac.uk/efo/EFO_0003847	https://w3id.org/semapv/vocab/ManualMappingCuration	https://www.ebi.ac.uk/uniprot	Barbara Polka	2015-08-21T12:00:00
Amelogenesis imperfecta 1A	http://www.w3.org/2000/01/rdf-schema#label	http://www.orpha.net/ORDO/Orphanet_88661	https://w3id.org/semapv/vocab/ManualMappingCuration	https://www.ebi.ac.uk/uniprot	Barbara Polka	2015-08-21T12:00:00
Congenital disorder of glycosylation 1Y	http://www.w3.org/2000/01/rdf-schema#label	http://www.orpha.net/ORDO/Orphanet_370927	https://w3id.org/semapv/vocab/ManualMappingCuration	https://www.ebi.ac.uk/uniprot	Barbara Polka	2015-08-21T12:00:00
Myopia 24, autosomal dominant	http://www.w3.org/2000/01/rdf-schema#label	http://www.ebi.ac.uk/efo/EFO_0003927	https://w3id.org/semapv/vocab/ManualMappingCuration	https://www.ebi.ac.uk/uniprot	Barbara Polka	2015-08-28T12:00:00
Meningioma	http://www.w3.org/2000/01/rdf-schema#label	http://www.orpha.net/ORDO/Orphanet_2495	https://w3id.org/semapv/vocab/ManualMappingCuration	https://www.ebi.ac.uk/uniprot	Barbara Polka	2015-08-21T12:00:00
Cone-rod dystrophy 21	http://www.w3.org/2000/01/rdf-schema#label	http://www.orpha.net/ORDO/Orphanet_1872	https://w3id.org/semapv/vocab/ManualMappingCuration	https://www.ebi.ac.uk/uniprot	Barbara Polka	2015-11-17T12:00:00
Mental retardation, autosomal dominant 39	http://www.w3.org/2000/01/rdf-schema#label	http://www.orpha.net/ORDO/Orphanet_178469	https://w3id.org/semapv/vocab/ManualMappingCuration	https://www.ebi.ac.uk/uniprot	Barbara Polka	2015-11-17T12:00:00
Epileptic encephalopathy, early infantile, 19	http://www.w3.org/2000/01/rdf-schema#label	http://www.orpha.net/ORDO/Orphanet_33069	https://w3id.org/semapv/vocab/ManualMappingCuration	https://www.ebi.ac.uk/uniprot	Barbara Polka	2015-08-28T12:00:00
Arthrogryposis, distal, 3	http://www.w3.org/2000/01/rdf-schema#label	http://www.orpha.net/ORDO/Orphanet_376	https://w3id.org/semapv/vocab/ManualMappingCuration	https://www.ebi.ac.uk/uniprot	Barbara Polka	2015-08-28T12:00:00
Cataract 42	http://www.w3.org/2000/01/rdf-schema#label	http://purl.obolibrary.org/obo/MONDO_0005129	https://w3id.org/semapv/vocab/ManualMappingCuration	https://www.ebi.ac.uk/uniprot	Barbara Polka	2015-08-28T12:00:00
Perrault syndrome 5	http://www.w3.org/2000/01/rdf-schema#label	http://www.orpha.net/ORDO/Orphanet_2855	https://w3id.org/semapv/vocab/ManualMappingCuration	https://www.ebi.ac.uk/uniprot	Barbara Polka	2015-08-21T12:00:00
Mental retardation, X-linked 102	http://www.w3.org/2000/01/rdf-schema#label	http://www.orpha.net/ORDO/Orphanet_777	https://w3id.org/semapv/vocab/ManualMappingCuration	https://www.ebi.ac.uk/uniprot	Barbara Polka	2015-11-24T12:00:00
Immunodeficiency 39	http://www.w3.org/2000/01/rdf-schema#label	http://www.orpha.net/ORDO/Orphanet_101997	https://w3id.org/semapv/vocab/ManualMappingCuration	https://www.ebi.ac.uk/uniprot	Barbara Polka	2015-08-21T12:00:00
Mental retardation, autosomal dominant 26	http://www.w3.org/2000/01/rdf-schema#label	http://www.orpha.net/ORDO/Orphanet_352490	https://w3id.org/semapv/vocab/ManualMappingCuration	https://www.ebi.ac.uk/uniprot	Barbara Polka	2015-08-28T12:00:00
Diamond-Blackfan anemia 14, with mandibulofacial dysostosis	http://www.w3.org/2000/01/rdf-schema#label	http://www.orpha.net/ORDO/Orphanet_124	https://w3id.org/semapv/vocab/ManualMappingCuration	https://www.ebi.ac.uk/uniprot	Barbara Polka	2015-08-21T12:00:00
Palmoplantar keratoderma, non-epidermolytic, focal or diffuse	http://www.w3.org/2000/01/rdf-schema#label	http://www.orpha.net/ORDO/Orphanet_2337	https://w3id.org/semapv/vocab/ManualMappingCuration	https://www.ebi.ac.uk/uniprot	Barbara Polka	2015-08-28T12:00:00
Mental retardation, autosomal dominant 38	http://www.w3.org/2000/01/rdf-schema#label	http://www.ebi.ac.uk/efo/EFO_0003847	https://w3id.org/semapv/vocab/ManualMappingCuration	https://www.ebi.ac.uk/uniprot	Barbara Polka	2015-08-21T12:00:00
Cole-Carpenter syndrome 2	http://www.w3.org/2000/01/rdf-schema#label	http://www.orpha.net/ORDO/Orphanet_2050	https://w3id.org/semapv/vocab/ManualMappingCuration	https://www.ebi.ac.uk/uniprot	Barbara Polka	2015-08-21T12:00:00
Epileptic encephalopathy, early infantile, 24	http://www.w3.org/2000/01/rdf-schema#label	http://www.orpha.net/ORDO/Orphanet_1934	https://w3id.org/semapv/vocab/ManualMappingCuration	https://www.ebi.ac.uk/uniprot	Barbara Polka	2015-08-28T12:00:00
Retinitis pigmentosa 70	http://www.w3.org/2000/01/rdf-schema#label	http://www.orpha.net/ORDO/Orphanet_791	https://w3id.org/semapv/vocab/ManualMappingCuration	https://www.ebi.ac.uk/uniprot	Barbara Polka	2015-08-28T12:00:00
Mental retardation, autosomal dominant 34	http://www.w3.org/2000/01/rdf-schema#label	http://purl.obolibrary.org/obo/HP_0001249	https://w3id.org/semapv/vocab/ManualMappingCuration	https://www.ebi.ac.uk/uniprot	Barbara Polka	2015-08-21T12:00:00
Spinocerebellar ataxia 41	http://www.w3.org/2000/01/rdf-schema#label	http://www.orpha.net/ORDO/Orphanet_99	https://w3id.org/semapv/vocab/ManualMappingCuration	https://www.ebi.ac.uk/uniprot	Barbara Polka	2015-11-17T12:00:00
Epilepsy, familial temporal lobe, 7	http://www.w3.org/2000/01/rdf-schema#label	http://www.ebi.ac.uk/efo/EFO_0000773	https://w3id.org/semapv/vocab/ManualMappingCuration	https://www.ebi.ac.uk/uniprot	Barbara Polka	2015-11-17T12:00:00
Charcot-Marie-Tooth disease 2U	http://www.w3.org/2000/01/rdf-schema#label	http://www.orpha.net/ORDO/Orphanet_397735	https://w3id.org/semapv/vocab/ManualMappingCuration	https://www.ebi.ac.uk/uniprot	Barbara Polka	2015-08-21T12:00:00
Mental retardation, autosomal dominant 35	http://www.w3.org/2000/01/rdf-schema#label	http://www.ebi.ac.uk/efo/EFO_0003847	https://w3id.org/semapv/vocab/ManualMappingCuration	https://www.ebi.ac.uk/uniprot	Barbara Polka	2015-08-21T12:00:00
Frontotemporal dementia and/or amyotrophic lateral sclerosis 3	http://www.w3.org/2000/01/rdf-schema#label	http://www.orpha.net/ORDO/Orphanet_275872	https://w3id.org/semapv/vocab/ManualMappingCuration	https://www.ebi.ac.uk/uniprot	Barbara Polka	2015-11-17T12:00:00
Primrose syndrome	http://www.w3.org/2000/01/rdf-schema#label	http://www.orpha.net/ORDO/Orphanet_3042	https://w3id.org/semapv/vocab/ManualMappingCuration	https://www.ebi.ac.uk/uniprot	Barbara Polka	2015-08-28T12:00:00
Polymicrogyria, bilateral perisylvian, autosomal recessive	http://www.w3.org/2000/01/rdf-schema#label	http://www.orpha.net/ORDO/Orphanet_98889	https://w3id.org/semapv/vocab/ManualMappingCuration	https://www.ebi.ac.uk/uniprot	Barbara Polka	2015-08-28T12:00:00
Pulmonary fibrosis, and/or bone marrow failure, telomere-related, 3	http://www.w3.org/2000/01/rdf-schema#label	http://www.ebi.ac.uk/efo/EFO_0000768	https://w3id.org/semapv/vocab/ManualMappingCuration	https://www.ebi.ac.uk/uniprot	Barbara Polka	2015-08-21T12:00:00
Deafness, autosomal dominant, 65	http://www.w3.org/2000/01/rdf-schema#label	http://www.orpha.net/ORDO/Orphanet_90635	https://w3id.org/semapv/vocab/ManualMappingCuration	https://www.ebi.ac.uk/uniprot	Barbara Polka	2015-08-28T12:00:00
Atrial fibrillation, familial, 15	http://www.w3.org/2000/01/rdf-schema#label	http://www.ebi.ac.uk/efo/EFO_0000275	https://w3id.org/semapv/vocab/ManualMappingCuration	https://www.ebi.ac.uk/uniprot	Barbara Polka	2015-08-28T12:00:00
Mirror movements 3	http://www.w3.org/2000/01/rdf-schema#label	http://www.orpha.net/ORDO/Orphanet_238722	https://w3id.org/semapv/vocab/ManualMappingCuration	https://www.ebi.ac.uk/uniprot	Barbara Polka	2015-08-21T12:00:00
Myasthenic syndrome, congenital, 4A, slow-channel	http://www.w3.org/2000/01/rdf-schema#label	http://www.orpha.net/ORDO/Orphanet_590	https://w3id.org/semapv/vocab/ManualMappingCuration	https://www.ebi.ac.uk/uniprot	Barbara Polka	2015-08-21T12:00:00
Epiphyseal chondrodysplasia, Miura type	http://www.w3.org/2000/01/rdf-schema#label	http://www.orpha.net/ORDO/Orphanet_329191	https://w3id.org/semapv/vocab/ManualMappingCuration	https://www.ebi.ac.uk/uniprot	Barbara Polka	2015-08-28T12:00:00
Primary pigmented nodular adrenocortical disease 4	http://www.w3.org/2000/01/rdf-schema#label	http://www.orpha.net/ORDO/Orphanet_189439	https://w3id.org/semapv/vocab/ManualMappingCuration	https://www.ebi.ac.uk/uniprot	Barbara Polka	2015-08-28T12:00:00
Hypomagnesemia, seizures, and mental retardation	http://www.w3.org/2000/01/rdf-schema#label	http://www.orpha.net/ORDO/Orphanet_34527	https://w3id.org/semapv/vocab/ManualMappingCuration	https://www.ebi.ac.uk/uniprot	Barbara Polka	2015-11-17T12:00:00
Mental retardation, autosomal recessive 50	http://www.w3.org/2000/01/rdf-schema#label	http://www.orpha.net/ORDO/Orphanet_88616	https://w3id.org/semapv/vocab/ManualMappingCuration	https://www.ebi.ac.uk/uniprot	Barbara Polka	2015-11-17T12:00:00
Microcephaly 15, primary, autosomal recessive	http://www.w3.org/2000/01/rdf-schema#label	http://www.orpha.net/ORDO/Orphanet_2512	https://w3id.org/semapv/vocab/ManualMappingCuration	https://www.ebi.ac.uk/uniprot	Barbara Polka	2015-11-17T12:00:00
Seckel syndrome 8	http://www.w3.org/2000/01/rdf-schema#label	http://www.orpha.net/ORDO/Orphanet_808	https://w3id.org/semapv/vocab/ManualMappingCuration	https://www.ebi.ac.uk/uniprot	Barbara Polka	2015-08-28T12:00:00
Trichothiodystrophy 3, photosensitive	http://www.w3.org/2000/01/rdf-schema#label	http://www.orpha.net/ORDO/Orphanet_33364	https://w3id.org/semapv/vocab/ManualMappingCuration	https://www.ebi.ac.uk/uniprot	Barbara Polka	2015-08-21T12:00:00
Cerebellar ataxia, areflexia, pes cavus, optic atrophy, and sensorineural hearing loss	http://www.w3.org/2000/01/rdf-schema#label	http://www.orpha.net/ORDO/Orphanet_1171	https://w3id.org/semapv/vocab/ManualMappingCuration	https://www.ebi.ac.uk/uniprot	Barbara Polka	2015-08-28T12:00:00
Bardet-Biedl syndrome 17	http://www.w3.org/2000/01/rdf-schema#label	http://www.orpha.net/ORDO/Orphanet_110	https://w3id.org/semapv/vocab/ManualMappingCuration	https://www.ebi.ac.uk/uniprot	Barbara Polka	2015-08-28T12:00:00
Joubert syndrome 23	http://www.w3.org/2000/01/rdf-schema#label	http://www.orpha.net/ORDO/Orphanet_475	https://w3id.org/semapv/vocab/ManualMappingCuration	https://www.ebi.ac.uk/uniprot	Barbara Polka	2015-11-17T12:00:00
Maturity-onset diabetes of the young 14	http://www.w3.org/2000/01/rdf-schema#label	http://www.orpha.net/ORDO/Orphanet_552	https://w3id.org/semapv/vocab/ManualMappingCuration	https://www.ebi.ac.uk/uniprot	Barbara Polka	2015-11-17T12:00:00
Peeling skin syndrome 3	http://www.w3.org/2000/01/rdf-schema#label	http://www.orpha.net/ORDO/Orphanet_263548	https://w3id.org/semapv/vocab/ManualMappingCuration	https://www.ebi.ac.uk/uniprot	Barbara Polka	2015-08-21T12:00:00
*Ablepharon-macrostomia syndrome	http://www.w3.org/2000/01/rdf-schema#label	http://www.orpha.net/ORDO/Orphanet_920	https://w3id.org/semapv/vocab/ManualMappingCuration	https://www.ebi.ac.uk/uniprot	Barbara Polka	2015-11-24T12:00:00
Cataract 44	http://www.w3.org/2000/01/rdf-schema#label	http://purl.obolibrary.org/obo/MONDO_0005129	https://w3id.org/semapv/vocab/ManualMappingCuration	https://www.ebi.ac.uk/uniprot	Barbara Polka	2015-11-17T12:00:00
Autism, X-linked 4	http://www.w3.org/2000/01/rdf-schema#label	http://www.ebi.ac.uk/efo/EFO_0003758	https://w3id.org/semapv/vocab/ManualMappingCuration	https://www.ebi.ac.uk/uniprot	Barbara Polka	2015-11-24T12:00:00
Macular dystrophy, vitelliform, 4	http://www.w3.org/2000/01/rdf-schema#label	http://www.orpha.net/ORDO/Orphanet_99000	https://w3id.org/semapv/vocab/ManualMappingCuration	https://www.ebi.ac.uk/uniprot	Barbara Polka	2015-08-21T12:00:00
Mental retardation, autosomal recessive 47	http://www.w3.org/2000/01/rdf-schema#label	http://www.orpha.net/ORDO/Orphanet_88616	https://w3id.org/semapv/vocab/ManualMappingCuration	https://www.ebi.ac.uk/uniprot	Barbara Polka	2015-08-21T12:00:00
46,XY sex reversal 10	http://www.w3.org/2000/01/rdf-schema#label	http://www.orpha.net/ORDO/Orphanet_242	https://w3id.org/semapv/vocab/ManualMappingCuration	https://www.ebi.ac.uk/uniprot	Barbara Polka	2015-11-17T12:00:00
*Amyotrophic lateral sclerosis 5, juvenile	http://www.w3.org/2000/01/rdf-schema#label	http://www.orpha.net/ORDO/Orphanet_300605	https://w3id.org/semapv/vocab/ManualMappingCuration	https://www.ebi.ac.uk/uniprot	Barbara Polka	2015-11-24T12:00:00
Senior-Loken syndrome 8	http://www.w3.org/2000/01/rdf-schema#label	http://www.orpha.net/ORDO/Orphanet_3156�	https://w3id.org/semapv/vocab/ManualMappingCuration	https://www.ebi.ac.uk/uniprot	Barbara Polka	2015-08-21T12:00:00
Mental retardation, X-linked 101	http://www.w3.org/2000/01/rdf-schema#label	http://www.orpha.net/ORDO/Orphanet_777	https://w3id.org/semapv/vocab/ManualMappingCuration	https://www.ebi.ac.uk/uniprot	Barbara Polka	2015-08-28T12:00:00
Mitochondrial short-chain enoyl-CoA hydratase 1 deficiency	http://www.w3.org/2000/01/rdf-schema#label	http://www.orpha.net/ORDO/Orphanet_506	https://w3id.org/semapv/vocab/ManualMappingCuration	https://www.ebi.ac.uk/uniprot	Barbara Polka	2015-08-21T12:00:00
Basal ganglia calcification, idiopathic, 6	http://www.w3.org/2000/01/rdf-schema#label	http://www.orpha.net/ORDO/Orphanet_1980	https://w3id.org/semapv/vocab/ManualMappingCuration	https://www.ebi.ac.uk/uniprot	Barbara Polka	2015-11-17T12:00:00
Myasthenic syndrome, congenital, 8	http://www.w3.org/2000/01/rdf-schema#label	http://www.orpha.net/ORDO/Orphanet_590	https://w3id.org/semapv/vocab/ManualMappingCuration	https://www.ebi.ac.uk/uniprot	Barbara Polka	2015-08-28T12:00:00
*Distal spinal muscular atrophy, autosomal recessive, 2	http://www.w3.org/2000/01/rdf-schema#label	http://www.orpha.net/ORDO/Orphanet_139552	https://w3id.org/semapv/vocab/ManualMappingCuration	https://www.ebi.ac.uk/uniprot	Barbara Polka	2015-11-24T12:00:00
Spinocerebellar ataxia, autosomal recessive, 17	http://www.w3.org/2000/01/rdf-schema#label	http://www.orpha.net/ORDO/Orphanet_1172	https://w3id.org/semapv/vocab/ManualMappingCuration	https://www.ebi.ac.uk/uniprot	Barbara Polka	2015-08-21T12:00:00
Myasthenic syndrome, congenital, 7, presynaptic	http://www.w3.org/2000/01/rdf-schema#label	http://www.orpha.net/ORDO/Orphanet_590	https://w3id.org/semapv/vocab/ManualMappingCuration	https://www.ebi.ac.uk/uniprot	Barbara Polka	2015-08-21T12:00:00
Autoimmune lymphoproliferative syndrome 5	http://www.w3.org/2000/01/rdf-schema#label	http://www.orpha.net/ORDO/Orphanet_3261	https://w3id.org/semapv/vocab/ManualMappingCuration	https://www.ebi.ac.uk/uniprot	Barbara Polka	2015-08-21T12:00:00
Immunodeficiency 40	http://www.w3.org/2000/01/rdf-schema#label	http://www.orpha.net/ORDO/Orphanet_101997	https://w3id.org/semapv/vocab/ManualMappingCuration	https://www.ebi.ac.uk/uniprot	Barbara Polka	2015-11-17T12:00:00
Spermatogenic failure 14	http://www.w3.org/2000/01/rdf-schema#label	http://www.orpha.net/ORDO/Orphanet_399805	https://w3id.org/semapv/vocab/ManualMappingCuration	https://www.ebi.ac.uk/uniprot	Barbara Polka	2015-08-28T12:00:00
Myasthenic syndrome, congenital, without tubular aggregates	http://www.w3.org/2000/01/rdf-schema#label	http://www.orpha.net/ORDO/Orphanet_590	https://w3id.org/semapv/vocab/ManualMappingCuration	https://www.ebi.ac.uk/uniprot	Barbara Polka	2015-08-21T12:00:00
Mental retardation, autosomal dominant 38	http://www.w3.org/2000/01/rdf-schema#label	http://purl.obolibrary.org/obo/HP_0001249	https://w3id.org/semapv/vocab/ManualMappingCuration	https://www.ebi.ac.uk/uniprot	Barbara Polka	2015-08-21T12:00:00
Epileptic encephalopathy, early infantile, 30	http://www.w3.org/2000/01/rdf-schema#label	http://www.orpha.net/ORDO/Orphanet_1934	https://w3id.org/semapv/vocab/ManualMappingCuration	https://www.ebi.ac.uk/uniprot	Barbara Polka	2015-08-21T12:00:00
Diamond-Blackfan anemia 15, with mandibulofacial dysostosis	http://www.w3.org/2000/01/rdf-schema#label	http://www.orpha.net/ORDO/Orphanet_124	https://w3id.org/semapv/vocab/ManualMappingCuration	https://www.ebi.ac.uk/uniprot	Barbara Polka	2015-08-21T12:00:00
Mental retardation, X-linked 100	http://www.w3.org/2000/01/rdf-schema#label	http://purl.obolibrary.org/obo/HP_0001249	https://w3id.org/semapv/vocab/ManualMappingCuration	https://www.ebi.ac.uk/uniprot	Barbara Polka	2015-08-28T12:00:00
Burn-McKeown syndrome	http://www.w3.org/2000/01/rdf-schema#label	http://www.orpha.net/ORDO/Orphanet_1200	https://w3id.org/semapv/vocab/ManualMappingCuration	https://www.ebi.ac.uk/uniprot	Barbara Polka	2015-08-21T12:00:00
Lissencephaly 6, with microcephaly	http://www.w3.org/2000/01/rdf-schema#label	http://www.orpha.net/ORDO/Orphanet_48471	https://w3id.org/semapv/vocab/ManualMappingCuration	https://www.ebi.ac.uk/uniprot	Barbara Polka	2015-08-21T12:00:00
Lethal congenital contracture syndrome 6	http://www.w3.org/2000/01/rdf-schema#label	http://www.orpha.net/ORDO/Orphanet_294965	https://w3id.org/semapv/vocab/ManualMappingCuration	https://www.ebi.ac.uk/uniprot	Barbara Polka	2015-08-21T12:00:00
Visceral myopathy	http://www.w3.org/2000/01/rdf-schema#label	http://www.orpha.net/ORDO/Orphanet_2604	https://w3id.org/semapv/vocab/ManualMappingCuration	https://www.ebi.ac.uk/uniprot	Barbara Polka	2015-08-28T12:00:00
Meckel syndrome 12	http://www.w3.org/2000/01/rdf-schema#label	http://www.orpha.net/ORDO/Orphanet_564	https://w3id.org/semapv/vocab/ManualMappingCuration	https://www.ebi.ac.uk/uniprot	Barbara Polka	2015-08-21T12:00:00
Lethal congenital contracture syndrome 9	http://www.w3.org/2000/01/rdf-schema#label	http://www.orpha.net/ORDO/Orphanet_294965	https://w3id.org/semapv/vocab/ManualMappingCuration	https://www.ebi.ac.uk/uniprot	Barbara Polka	2015-11-17T12:00:00
Waisman syndrome	http://www.w3.org/2000/01/rdf-schema#label	http://www.orpha.net/ORDO/Orphanet_2379	https://w3id.org/semapv/vocab/ManualMappingCuration	https://www.ebi.ac.uk/uniprot	Barbara Polka	2015-08-21T12:00:00
Short stature, auditory canal atresia, mandibular hypoplasia, skeletal abnormalities	http://www.w3.org/2000/01/rdf-schema#label	http://www.orpha.net/ORDO/Orphanet_397623	https://w3id.org/semapv/vocab/ManualMappingCuration	https://www.ebi.ac.uk/uniprot	Barbara Polka	2015-08-28T12:00:00
Amelogenesis imperfecta 1G	http://www.w3.org/2000/01/rdf-schema#label	http://www.orpha.net/ORDO/Orphanet_1031	https://w3id.org/semapv/vocab/ManualMappingCuration	https://www.ebi.ac.uk/uniprot	Barbara Polka	2015-08-28T12:00:00
Adams-Oliver syndrome 5	http://www.w3.org/2000/01/rdf-schema#label	http://www.orpha.net/ORDO/Orphanet_974	https://w3id.org/semapv/vocab/ManualMappingCuration	https://www.ebi.ac.uk/uniprot	Barbara Polka	2015-08-28T12:00:00
White sponge nevus 2	http://www.w3.org/2000/01/rdf-schema#label	http://www.orpha.net/ORDO/Orphanet_171723	https://w3id.org/semapv/vocab/ManualMappingCuration	https://www.ebi.ac.uk/uniprot	Barbara Polka	2015-08-28T12:00:00
Giant axonal neuropathy 2, autosomal dominant	http://www.w3.org/2000/01/rdf-schema#label	http://www.orpha.net/ORDO/Orphanet_401964	https://w3id.org/semapv/vocab/ManualMappingCuration	https://www.ebi.ac.uk/uniprot	Barbara Polka	2015-08-28T12:00:00
Macular dystrophy with central cone involvement	http://www.w3.org/2000/01/rdf-schema#label	http://www.ebi.ac.uk/efo/EFO_0001365	https://w3id.org/semapv/vocab/ManualMappingCuration	https://www.ebi.ac.uk/uniprot	Barbara Polka	2015-08-21T12:00:00
Osteogenesis imperfecta 17	http://www.w3.org/2000/01/rdf-schema#label	http://www.orpha.net/ORDO/Orphanet_666	https://w3id.org/semapv/vocab/ManualMappingCuration	https://www.ebi.ac.uk/uniprot	Barbara Polka	2015-11-17T12:00:00
Bardet-Biedl syndrome 16	http://www.w3.org/2000/01/rdf-schema#label	http://www.orpha.net/ORDO/Orphanet_110	https://w3id.org/semapv/vocab/ManualMappingCuration	https://www.ebi.ac.uk/uniprot	Barbara Polka	2015-08-21T12:00:00
Lymphedema, hereditary, 1D	http://www.w3.org/2000/01/rdf-schema#label	http://www.orpha.net/ORDO/Orphanet_79452	https://w3id.org/semapv/vocab/ManualMappingCuration	https://www.ebi.ac.uk/uniprot	Barbara Polka	2015-08-28T12:00:00
Focal segmental glomerulosclerosis 7	http://www.w3.org/2000/01/rdf-schema#label	http://www.ebi.ac.uk/efo/EFO_0004236	https://w3id.org/semapv/vocab/ManualMappingCuration	https://www.ebi.ac.uk/uniprot	Barbara Polka	2015-08-28T12:00:00
Glucocorticoid resistance, generalized	http://www.w3.org/2000/01/rdf-schema#label	http://www.orpha.net/ORDO/Orphanet_786	https://w3id.org/semapv/vocab/ManualMappingCuration	https://www.ebi.ac.uk/uniprot	Barbara Polka	2015-08-28T12:00:00
Mental retardation, autosomal recessive 46	http://www.w3.org/2000/01/rdf-schema#label	http://www.orpha.net/ORDO/Orphanet_88616	https://w3id.org/semapv/vocab/ManualMappingCuration	https://www.ebi.ac.uk/uniprot	Barbara Polka	2015-08-21T12:00:00
Galloway-Mowat syndrome	http://www.w3.org/2000/01/rdf-schema#label	http://www.orpha.net/ORDO/Orphanet_2065	https://w3id.org/semapv/vocab/ManualMappingCuration	https://www.ebi.ac.uk/uniprot	Barbara Polka	2015-08-21T12:00:00
Retinitis pigmentosa 71	http://www.w3.org/2000/01/rdf-schema#label	http://www.orpha.net/ORDO/Orphanet_791	https://w3id.org/semapv/vocab/ManualMappingCuration	https://www.ebi.ac.uk/uniprot	Barbara Polka	2015-08-21T12:00:00
Myasthenic syndrome, congenital, 3C, associated with acetylcholine receptor deficiency	http://www.w3.org/2000/01/rdf-schema#label	http://www.orpha.net/ORDO/Orphanet_590	https://w3id.org/semapv/vocab/ManualMappingCuration	https://www.ebi.ac.uk/uniprot	Barbara Polka	2015-08-21T12:00:00
Epileptic encephalopathy, early infantile, 25	http://www.w3.org/2000/01/rdf-schema#label	http://www.orpha.net/ORDO/Orphanet_1934	https://w3id.org/semapv/vocab/ManualMappingCuration	https://www.ebi.ac.uk/uniprot	Barbara Polka	2015-08-28T12:00:00
Myopathy, tubular aggregate, 2	http://www.w3.org/2000/01/rdf-schema#label	http://www.orpha.net/ORDO/Orphanet_2593	https://w3id.org/semapv/vocab/ManualMappingCuration	https://www.ebi.ac.uk/uniprot	Barbara Polka	2015-08-28T12:00:00
*Immunodeficiency 41 with lymphoproliferation and autoimmunity	http://www.w3.org/2000/01/rdf-schema#label	http://www.orpha.net/ORDO/Orphanet_169100	https://w3id.org/semapv/vocab/ManualMappingCuration	https://www.ebi.ac.uk/uniprot	Barbara Polka	2015-11-24T12:00:00
Spastic ataxia 1, autosomal dominant	http://www.w3.org/2000/01/rdf-schema#label	http://www.orpha.net/ORDO/Orphanet_251282	https://w3id.org/semapv/vocab/ManualMappingCuration	https://www.ebi.ac.uk/uniprot	Barbara Polka	2015-08-28T12:00:00
Pseudohyperkalemia, familial, 2, due to red cell leak	http://www.w3.org/2000/01/rdf-schema#label	http://www.orpha.net/ORDO/Orphanet_90044	https://w3id.org/semapv/vocab/ManualMappingCuration	https://www.ebi.ac.uk/uniprot	Barbara Polka	2015-08-28T12:00:00
Nephrotic syndrome 10	http://www.w3.org/2000/01/rdf-schema#label	http://www.ebi.ac.uk/efo/EFO_0004255	https://w3id.org/semapv/vocab/ManualMappingCuration	https://www.ebi.ac.uk/uniprot	Barbara Polka	2015-08-28T12:00:00
Cavitary optic disc anomalies	http://www.w3.org/2000/01/rdf-schema#label	http://www.orpha.net/ORDO/Orphanet_98671	https://w3id.org/semapv/vocab/ManualMappingCuration	https://www.ebi.ac.uk/uniprot	Barbara Polka	2015-11-24T12:00:00
Microcephaly and chorioretinopathy, autosomal recessive, 3	http://www.w3.org/2000/01/rdf-schema#label	http://www.orpha.net/ORDO/Orphanet_2518	https://w3id.org/semapv/vocab/ManualMappingCuration	https://www.ebi.ac.uk/uniprot	Barbara Polka	2015-08-21T12:00:00
Glioma 9	http://www.w3.org/2000/01/rdf-schema#label	http://www.ebi.ac.uk/efo/EFO_0000326	https://w3id.org/semapv/vocab/ManualMappingCuration	https://www.ebi.ac.uk/uniprot	Barbara Polka	2015-11-24T12:00:00
Night blindness, congenital stationary, 1G	http://www.w3.org/2000/01/rdf-schema#label	http://www.orpha.net/ORDO/Orphanet_215	https://w3id.org/semapv/vocab/ManualMappingCuration	https://www.ebi.ac.uk/uniprot	Barbara Polka	2015-08-21T12:00:00
Leukodystrophy, hypomyelinating, 9	http://www.w3.org/2000/01/rdf-schema#label	http://www.orpha.net/ORDO/Orphanet_289494	https://w3id.org/semapv/vocab/ManualMappingCuration	https://www.ebi.ac.uk/uniprot	Barbara Polka	2015-08-21T12:00:00
Epilepsy, progressive myoclonic 9	http://www.w3.org/2000/01/rdf-schema#label	http://www.orpha.net/ORDO/Orphanet_98261	https://w3id.org/semapv/vocab/ManualMappingCuration	https://www.ebi.ac.uk/uniprot	Barbara Polka	2015-11-17T12:00:00
Dyskeratosis congenita, autosomal dominant, 6	http://www.w3.org/2000/01/rdf-schema#label	http://www.orpha.net/ORDO/Orphanet_1775	https://w3id.org/semapv/vocab/ManualMappingCuration	https://www.ebi.ac.uk/uniprot	Barbara Polka	2015-11-24T12:00:00
Microphthalmia, isolated, with coloboma, 10	http://www.w3.org/2000/01/rdf-schema#label	http://www.orpha.net/ORDO/Orphanet_98938	https://w3id.org/semapv/vocab/ManualMappingCuration	https://www.ebi.ac.uk/uniprot	Barbara Polka	2015-11-17T12:00:00
Epidermolysis bullosa simplex with nail dystrophy	http://www.w3.org/2000/01/rdf-schema#label	http://www.orpha.net/ORDO/Orphanet_304	https://w3id.org/semapv/vocab/ManualMappingCuration	https://www.ebi.ac.uk/uniprot	Barbara Polka	2015-11-17T12:00:00
Charcot-Marie-Tooth disease 2T	http://www.w3.org/2000/01/rdf-schema#label	http://www.orpha.net/ORDO/Orphanet_166	https://w3id.org/semapv/vocab/ManualMappingCuration	https://www.ebi.ac.uk/uniprot	Barbara Polka	2015-08-21T12:00:00
Mental retardation, autosomal dominant 24	http://www.w3.org/2000/01/rdf-schema#label	http://www.orpha.net/ORDO/Orphanet_178469	https://w3id.org/semapv/vocab/ManualMappingCuration	https://www.ebi.ac.uk/uniprot	Barbara Polka	2015-08-28T12:00:00
*Zimmermann-Laband syndrome 1	http://www.w3.org/2000/01/rdf-schema#label	http://www.orpha.net/ORDO/Orphanet_3473	https://w3id.org/semapv/vocab/ManualMappingCuration	https://www.ebi.ac.uk/uniprot	Barbara Polka	2015-11-17T12:00:00
Myasthenic syndrome, congenital, 2C, associated with acetylcholine receptor deficiency	http://www.w3.org/2000/01/rdf-schema#label	http://www.orpha.net/ORDO/Orphanet_590	https://w3id.org/semapv/vocab/ManualMappingCuration	https://www.ebi.ac.uk/uniprot	Barbara Polka	2015-08-21T12:00:00
Epileptic encephalopathy, early infantile, 31	http://www.w3.org/2000/01/rdf-schema#label	http://www.orpha.net/ORDO/Orphanet_1934	https://w3id.org/semapv/vocab/ManualMappingCuration	https://www.ebi.ac.uk/uniprot	Barbara Polka	2015-08-21T12:00:00
Spermatogenic failure, X-linked, 2	http://www.w3.org/2000/01/rdf-schema#label	http://www.orpha.net/ORDO/Orphanet_399805	https://w3id.org/semapv/vocab/ManualMappingCuration	https://www.ebi.ac.uk/uniprot	Barbara Polka	2015-11-17T12:00:00
Mental retardation, autosomal recessive 44	http://www.w3.org/2000/01/rdf-schema#label	http://www.orpha.net/ORDO/Orphanet_88616	https://w3id.org/semapv/vocab/ManualMappingCuration	https://www.ebi.ac.uk/uniprot	Barbara Polka	2015-08-28T12:00:00
Myasthenic syndrome, congenital, 2A, slow-channel	http://www.w3.org/2000/01/rdf-schema#label	http://www.orpha.net/ORDO/Orphanet_590	https://w3id.org/semapv/vocab/ManualMappingCuration	https://www.ebi.ac.uk/uniprot	Barbara Polka	2015-08-21T12:00:00
Myasthenic syndrome, congenital, 3A, slow-channel	http://www.w3.org/2000/01/rdf-schema#label	http://www.orpha.net/ORDO/Orphanet_590	https://w3id.org/semapv/vocab/ManualMappingCuration	https://www.ebi.ac.uk/uniprot	Barbara Polka	2015-08-21T12:00:00
Bethlem myopathy 2	http://www.w3.org/2000/01/rdf-schema#label	http://www.orpha.net/ORDO/Orphanet_610	https://w3id.org/semapv/vocab/ManualMappingCuration	https://www.ebi.ac.uk/uniprot	Barbara Polka	2015-11-17T12:00:00
Epileptic encephalopathy, early infantile, 21	http://www.w3.org/2000/01/rdf-schema#label	http://www.orpha.net/ORDO/Orphanet_1934	https://w3id.org/semapv/vocab/ManualMappingCuration	https://www.ebi.ac.uk/uniprot	Barbara Polka	2015-08-28T12:00:00
Spinocerebellar ataxia 34	http://www.w3.org/2000/01/rdf-schema#label	http://www.orpha.net/ORDO/Orphanet_1955	https://w3id.org/semapv/vocab/ManualMappingCuration	https://www.ebi.ac.uk/uniprot	Barbara Polka	2015-08-28T12:00:00
Laurin-Sandrow syndrome	http://www.w3.org/2000/01/rdf-schema#label	http://www.orpha.net/ORDO/Orphanet_2378	https://w3id.org/semapv/vocab/ManualMappingCuration	https://www.ebi.ac.uk/uniprot	Barbara Polka	2015-08-21T12:00:00
Retinal dystrophy with inner retinal dysfunction and ganglion cell abnormalities	http://www.w3.org/2000/01/rdf-schema#label	http://www.orpha.net/ORDO/Orphanet_397758	https://w3id.org/semapv/vocab/ManualMappingCuration	https://www.ebi.ac.uk/uniprot	Barbara Polka	2015-08-21T12:00:00
Psoriasis 15, pustular	http://www.w3.org/2000/01/rdf-schema#label	http://www.orpha.net/ORDO/Orphanet_247353	https://w3id.org/semapv/vocab/ManualMappingCuration	https://www.ebi.ac.uk/uniprot	Barbara Polka	2015-08-21T12:00:00
Analbuminemia	http://www.w3.org/2000/01/rdf-schema#label	http://www.orpha.net/ORDO/Orphanet_86816	https://w3id.org/semapv/vocab/ManualMappingCuration	https://www.ebi.ac.uk/uniprot	Barbara Polka	2015-08-28T12:00:00
Cole-Carpenter syndrome 1	http://www.w3.org/2000/01/rdf-schema#label	http://www.orpha.net/ORDO/Orphanet_2050	https://w3id.org/semapv/vocab/ManualMappingCuration	https://www.ebi.ac.uk/uniprot	Barbara Polka	2015-08-21T12:00:00
Hyperammonemia due to carbonic anhydrase VA deficiency	http://www.w3.org/2000/01/rdf-schema#label	http://www.orpha.net/ORDO/Orphanet_401948	https://w3id.org/semapv/vocab/ManualMappingCuration	https://www.ebi.ac.uk/uniprot	Barbara Polka	2015-08-28T12:00:00
Congenital heart defects, hamartomas of tongue, and polysyndactyly	http://www.w3.org/2000/01/rdf-schema#label	http://www.orpha.net/ORDO/Orphanet_1338	https://w3id.org/semapv/vocab/ManualMappingCuration	https://www.ebi.ac.uk/uniprot	Barbara Polka	2015-08-21T12:00:00
Cataract 44	http://www.w3.org/2000/01/rdf-schema#label	http://www.ebi.ac.uk/efo/EFO_0001059	https://w3id.org/semapv/vocab/ManualMappingCuration	https://www.ebi.ac.uk/uniprot	Barbara Polka	2015-11-17T12:00:00
Immunodeficiency 30	http://www.w3.org/2000/01/rdf-schema#label	http://www.orpha.net/ORDO/Orphanet_319552	https://w3id.org/semapv/vocab/ManualMappingCuration	https://www.ebi.ac.uk/uniprot	Barbara Polka	2015-08-28T12:00:00
Mental retardation, autosomal dominant 29	http://www.w3.org/2000/01/rdf-schema#label	http://www.ebi.ac.uk/efo/EFO_0003847	https://w3id.org/semapv/vocab/ManualMappingCuration	https://www.ebi.ac.uk/uniprot	Barbara Polka	2015-08-21T12:00:00
Dicarboxylic aminoaciduria	http://www.w3.org/2000/01/rdf-schema#label	http://www.orpha.net/ORDO/Orphanet_2195	https://w3id.org/semapv/vocab/ManualMappingCuration	https://www.ebi.ac.uk/uniprot	Barbara Polka	2015-08-28T12:00:00
Lethal congenital contracture syndrome 8	http://www.w3.org/2000/01/rdf-schema#label	http://www.orpha.net/ORDO/Orphanet_294965�	https://w3id.org/semapv/vocab/ManualMappingCuration	https://www.ebi.ac.uk/uniprot	Barbara Polka	2015-08-21T12:00:00
Epileptic encephalopathy, early infantile, 29	http://www.w3.org/2000/01/rdf-schema#label	http://www.orpha.net/ORDO/Orphanet_1934	https://w3id.org/semapv/vocab/ManualMappingCuration	https://www.ebi.ac.uk/uniprot	Barbara Polka	2015-08-21T12:00:00
Zimmermann-Laband syndrome 2	http://www.w3.org/2000/01/rdf-schema#label	http://www.orpha.net/ORDO/Orphanet_3473	https://w3id.org/semapv/vocab/ManualMappingCuration	https://www.ebi.ac.uk/uniprot	Barbara Polka	2015-11-17T12:00:00
Hyperlipoproteinemia 1D	http://www.w3.org/2000/01/rdf-schema#label	http://www.orpha.net/ORDO/Orphanet_411	https://w3id.org/semapv/vocab/ManualMappingCuration	https://www.ebi.ac.uk/uniprot	Barbara Polka	2015-08-28T12:00:00
Retinal dystrophy, early-onset, with or without pituitary dysfunction	http://www.w3.org/2000/01/rdf-schema#label	http://www.orpha.net/ORDO/Orphanet_71862	https://w3id.org/semapv/vocab/ManualMappingCuration	https://www.ebi.ac.uk/uniprot	Barbara Polka	2015-08-21T12:00:00
Cerebro-oculo-facio-skeletal syndrome 3	http://www.w3.org/2000/01/rdf-schema#label	http://www.orpha.net/ORDO/Orphanet_1466	https://w3id.org/semapv/vocab/ManualMappingCuration	https://www.ebi.ac.uk/uniprot	Barbara Polka	2015-11-24T12:00:00
Osteogenesis imperfecta 16	http://www.w3.org/2000/01/rdf-schema#label	http://www.orpha.net/ORDO/Orphanet_666	https://w3id.org/semapv/vocab/ManualMappingCuration	https://www.ebi.ac.uk/uniprot	Barbara Polka	2015-08-21T12:00:00
Amelogenesis imperfecta 1H	http://www.w3.org/2000/01/rdf-schema#label	http://www.orpha.net/ORDO/Orphanet_88661	https://w3id.org/semapv/vocab/ManualMappingCuration	https://www.ebi.ac.uk/uniprot	Barbara Polka	2015-08-21T12:00:00
Neuropathy, hereditary sensory and autonomic, 8	http://www.w3.org/2000/01/rdf-schema#label	http://www.orpha.net/ORDO/Orphanet_140477	https://w3id.org/semapv/vocab/ManualMappingCuration	https://www.ebi.ac.uk/uniprot	Barbara Polka	2015-11-17T12:00:00
Myasthenic syndrome, congenital, with tubular aggregates, 3	http://www.w3.org/2000/01/rdf-schema#label	http://www.orpha.net/ORDO/Orphanet_590	https://w3id.org/semapv/vocab/ManualMappingCuration	https://www.ebi.ac.uk/uniprot	Barbara Polka	2015-08-21T12:00:00
Epilepsy, idiopathic generalized 13	http://www.w3.org/2000/01/rdf-schema#label	http://www.orpha.net/ORDO/Orphanet_307	https://w3id.org/semapv/vocab/ManualMappingCuration	https://www.ebi.ac.uk/uniprot	Barbara Polka	2015-08-28T12:00:00
Mental retardation, autosomal recessive 42	http://www.w3.org/2000/01/rdf-schema#label	http://www.orpha.net/ORDO/Orphanet_88616	https://w3id.org/semapv/vocab/ManualMappingCuration	https://www.ebi.ac.uk/uniprot	Barbara Polka	2015-08-28T12:00:00
Pituitary adenoma, growth hormone-secreting, 2	http://www.w3.org/2000/01/rdf-schema#label	http://www.ebi.ac.uk/efo/EFO_0004125	https://w3id.org/semapv/vocab/ManualMappingCuration	https://www.ebi.ac.uk/uniprot	Barbara Polka	2015-08-21T12:00:00
Spermatogenic failure 13	http://www.w3.org/2000/01/rdf-schema#label	http://www.orpha.net/ORDO/Orphanet_399805	https://w3id.org/semapv/vocab/ManualMappingCuration	https://www.ebi.ac.uk/uniprot	Barbara Polka	2015-08-28T12:00:00
Pontocerebellar hypoplasia 2E	http://www.w3.org/2000/01/rdf-schema#label	http://www.orpha.net/ORDO/Orphanet_247198	https://w3id.org/semapv/vocab/ManualMappingCuration	https://www.ebi.ac.uk/uniprot	Barbara Polka	2015-08-28T12:00:00
Herpes simplex encephalitis 7	http://www.w3.org/2000/01/rdf-schema#label	http://www.orpha.net/ORDO/Orphanet_1930	https://w3id.org/semapv/vocab/ManualMappingCuration	https://www.ebi.ac.uk/uniprot	Barbara Polka	2015-11-24T12:00:00
*Lateral meningocele syndrome	http://www.w3.org/2000/01/rdf-schema#label	http://www.orpha.net/ORDO/Orphanet_2789	https://w3id.org/semapv/vocab/ManualMappingCuration	https://www.ebi.ac.uk/uniprot	Barbara Polka	2015-11-24T12:00:00
Lactate dehydrogenase B deficiency	http://www.w3.org/2000/01/rdf-schema#label	http://www.orpha.net/ORDO/Orphanet_284435	https://w3id.org/semapv/vocab/ManualMappingCuration	https://www.ebi.ac.uk/uniprot	Barbara Polka	2015-08-21T12:00:00
Epileptic encephalopathy, early infantile, 26	http://www.w3.org/2000/01/rdf-schema#label	http://www.orpha.net/ORDO/Orphanet_1934	https://w3id.org/semapv/vocab/ManualMappingCuration	https://www.ebi.ac.uk/uniprot	Barbara Polka	2015-08-21T12:00:00
*Hypotrichosis-lymphedema-telangiectasia-renal defect syndrome	http://www.w3.org/2000/01/rdf-schema#label	http://www.orpha.net/ORDO/Orphanet_2087	https://w3id.org/semapv/vocab/ManualMappingCuration	https://www.ebi.ac.uk/uniprot	Barbara Polka	2015-11-17T12:00:00
Spinocerebellar ataxia 21	http://www.w3.org/2000/01/rdf-schema#label	http://www.orpha.net/ORDO/Orphanet_98773	https://w3id.org/semapv/vocab/ManualMappingCuration	https://www.ebi.ac.uk/uniprot	Barbara Polka	2015-08-21T12:00:00
Infantile liver failure syndrome 2	http://www.w3.org/2000/01/rdf-schema#label	http://www.orpha.net/ORDO/Orphanet_370088	https://w3id.org/semapv/vocab/ManualMappingCuration	https://www.ebi.ac.uk/uniprot	Barbara Polka	2015-11-24T12:00:00
Retinitis pigmentosa 73	http://www.w3.org/2000/01/rdf-schema#label	http://www.orpha.net/ORDO/Orphanet_791	https://w3id.org/semapv/vocab/ManualMappingCuration	https://www.ebi.ac.uk/uniprot	Barbara Polka	2015-11-24T12:00:00
Tortuosity of retinal arteries	http://www.w3.org/2000/01/rdf-schema#label	http://www.orpha.net/ORDO/Orphanet_75326	https://w3id.org/semapv/vocab/ManualMappingCuration	https://www.ebi.ac.uk/uniprot	Barbara Polka	2015-08-21T12:00:00
Ciliary dyskinesia, primary, 31	http://www.w3.org/2000/01/rdf-schema#label	http://www.orpha.net/ORDO/Orphanet_244	https://w3id.org/semapv/vocab/ManualMappingCuration	https://www.ebi.ac.uk/uniprot	Barbara Polka	2015-08-21T12:00:00
Microcephaly 14, primary, autosomal recessive	http://www.w3.org/2000/01/rdf-schema#label	http://www.orpha.net/ORDO/Orphanet_2512	https://w3id.org/semapv/vocab/ManualMappingCuration	https://www.ebi.ac.uk/uniprot	Barbara Polka	2015-08-21T12:00:00
